festival_id,theme_id,festival_place,festival_start_dte,festival_end_date,festival_content,festival_phonenum,festival_site,festival_road_name_addr,festival_lotnum_addr,festival_lat,festival_long
백화산 해맞이 행사,-,백화산 정상,2022-01-01,2022-01-01,신년 해맞이 소원 풍선 날리기,041-670-2768,,충청남도 태안군 태안읍 상옥리 산139-2,충청남도 태안군 태안읍 상옥리 산139-2,36.7674649,126.3019641
연포 해맞이 행사,-,연포해수욕장,2022-01-01,2022-01-01,신년 해맞이 소원 풍선 날리기,041-670-2768,,충청남도 태안군 근흥면 도황리 1526-170,충청남도 태안군 근흥면 도황리 1526-170,36.69434027,126.2101823
서면 드림 축제,-,미정,2022-01-01,2022-12-31,드림 축제,061-749-8135,,전라남도 순천시 서면 임촌동길 94,,,
지봉로 상사화 축제,-,왕조2동 지봉로,2022-01-01,2022-12-31,음악회+ 공연+ 체험행사+ 판매부스 등,061-749-8407,,전라남도 순천시 조례신대길 62,,,
천태만상 상권연계 공감 페스티벌,-,시민로 일대,2022-01-01,2022-12-31,패션쇼+ 공연+ 네일아트+ 뷰티체험 등 부스운영+,061-749-8538,,전라남도 순천시 장명로 30,,,
코로나19에 따른 축제 취소,-,코로나19에 따른 축제 취소,2022-01-01,2022-12-31,코로나19에 따른 축제 취소,053-662-4072,,대구광역시 동구 아양로 207,,35.88681058,128.6360751
코로나로 인한 무기한 연기,-,미정,2022-01-01,2022-12-31,미정,,,경상남도 산청군 산청읍 산엔청로 1,,,
코로나로 인해 전체 일정 취소,-,코로나로 인해 전체 일정 취소,2022-01-01,2022-01-01,코로나로 인해 전체 일정 취소,,,서울특별시 강서구 허준로5길 42,서울특별시 강서구 가양동 1471,37.56759867,126.8537291
양양문화제,-,양양남대천 둔치 및 부대행사장,2022-01-01,2022-01-01,2022년 양양문화제 미개최,033-670-2795,https://tour.yangyang.go.kr/tour/festival/festival_culture,,강원도 양양군 양양읍 남문리 226-2,38.07312233,128.6241919
황영조 국제 마라톤 대회,-,엑스포광장~근덕면 일원,2022-01-01,2022-01-01,국제 마라톤 대회(코로나-19로 인하여 대회 취소),033-570-3813,http://www.samcheokmarathon.com/,강원도 삼척시 엑스포로 45,강원도 삼척시 성남동 1-5,37.43896231,129.160145
해맞이 행사,-,오봉산 등,2022-01-01,2022-01-01,새해 소원빌기 행사+ 새해안녕기원행사+해맞이공연+ 먹거리제공 등,053-665-2795,,,대구광역시 북구 침산동 1643-45,35.93240689,128.567486
영동곶감축제,-,온라인,2022-01-05,2022-01-25,LIVE 곶감 판매행사,043-745-8916,http://www.ydfesta.com/,충청북도 영동군 영동읍 영동황간로122,충청북도 영동군 영동읍 매천리313,36.16401625,127.7819484
2022 영동곶감축제,-,온라인,2022-01-05,2022-01-25,온라인 곶감판매장터+라이브커머스 등,043-745-8916,,충청북도 영동군 영동읍 동정로 1,,,
지리산 바래봉 눈꽃축제,-,지리산허브밸리 일원,2022-01-22,2022-01-23,눈꽃 겨울 캠핑체험+ 농특산품 홍보 등,063-620-3818,http://www.namwon.go.kr/tour/index.do,전라북도 남원시 운봉읍 바래봉길 214,전라북도 남원시 운봉읍 용산리 446-3,35.43509151,127.5486169
홍성남당항새조개축제,-,남당항 일원,2022-01-24,2022-02-06,비대면 온라인 판매 행사 등,041-634-0104,https://www.hongseong.go.kr/prog/tursmCn/tour/sub03_04/view.do?cntNo=44,충청남도 홍성군 서부면 남당항로213번길 25-62,충청남도 홍성군 서부면 남당리 863,36.53503195,126.467178
삼척정월대보름축제,-,우체국일원,2022-01-28,2022-02-20,정월대보름제 기념 시설 설치+  재례행사,033-573-2882,http://www.fullmoonfestival.or.kr/,강원도 삼척시 엑스포로 45,강원도 삼척시 성남동 1-5,37.43896231,129.160145
장 담그는날 행사,-,광주광역시 남구 콩 종합센터,2022-01-29,2022-02-27,장담그기,062-385-0455,http://www.namgu.gwangju.kr/menu.es?mid=a70303000000,광주광역시 남구 압촌길78,광주광역시 남구 압촌동101-1,35.09241574,126.8386216
2022 지금여기 금정 관광후기 이벤트,-,금정구 일대,2022-02-01,2022-11-30,금정을 여행하는 누구나 나만의 금정 관광후기를 공유하고 타인의 관광후기를 공유 받을 수 있음,051-519-4081,,,부산광역시 금정구 중앙대로 1777,35.2428426,129.0921739
지리산 뱀사골 고로쇠 약수제,-,남원시 산내면 부운리 반선주차장,2022-02-14,2022-03-31,고로쇠 홍보 및 판매+ 기념식 등,063-620-4705,http://www.namwon.go.kr/tour/index.do,전라북도 남원시 산내면 지리산로 842-8,전라북도 남원시 산내면 부운리 216-10,35.3769935,127.581604
고싸움놀이축제,-,칠석동 고싸움놀이테마파크,2022-02-14,2022-02-16,고싸움놀이 시연+무형문화재 초청공연+민속놀이 체험,062-607-2315,www.goodmorningyangrim.com,광주광역시 남구 고싸움로 2,광주광역시 남구 칠석동 619,35.069718,126.8375167
달맞이축제,-,울릉예술문화체험장(구.장흥초등학교),2022-02-15,2022-02-15,달집태우기,054-790-6426,http://www.ulleung.go.kr/tour/page.htm?mnu_uid=1994&,경상북도 울릉군 울릉읍 옥천길 8,,37.47367561,130.8875026
정월대보름 달맞이문화제,-,달성군민체육관,2022-02-15,2022-02-15,기원제+달집태우기+축하공연,053-668-2174,http://culture.dalseong.daegu.kr,대구광역시 달성군 현풍읍 현풍중앙로 130,,,
금호강 정월대보름축제,-,산격대교 하단,2022-02-15,2022-02-15,달집태우기+ 달맞이 행사 등,053-665-2172,,,대구광역시 북구 산격동 1477-1,35.90892344,128.6033802
풍암골 신암마을 당산제,-,풍암 제7어린이공원내 (풍암동1129),2022-02-15,2022-02-15,(코로나19로 인한 취소) 민속고유 명절인 대보름을 맞이하여 사라져가는 전통세시풍속인 당산제를 재현하여 지역 주민들의 평안과 발전 및 풍요다산을 기원,062-350-4988,https://www.seogu.gwangju.kr/menu.es?mid=a70302000000,,광주광역시 서구 풍암동 1129,35.12401153,126.8815859
제20회 사상전통달집놀이,-,삼락생태공원,2022-02-15,2021-02-15,사상전통달집 놀이,051-310-4062,http://www.sasangculture.or.kr/,부산광역시 사상구 낙동대로 1310번길 19(삼락동),,35.17701002,128.9776397
광주 칠석 고싸움놀이,-,광주광역시 남구 칠석동 고싸움 놀이테마파크,2022-02-15,2022-02-15,고싸움놀이,062-374-3839,http://www.gossaum.com,광주광역시 남구 칠석길28,광주광역시 남구 칠석동127-1,35.07041066,126.8384016
봉황각 3.1독립운동 재현행사,-,서울특별시 강북구 우이동 봉황각 일원,2022-03-01,2022-03-01,도선사 타종 및 손병희묘소 참배,02-901-6207,www.gangbuk.go.kr,서울특별시 강북구 삼양로173길 107-12,서울특별시 강북구 우이동 254,37.66019851,127.0060603
(축제 취소)광양매화축제,-,다압면 섬진마을 일원,2022-03-01,2022-03-11,공연+경연+체험+전시+판매+부대행사,061-797-2721,http://www.gwangyang.go.kr/tour_culture,전라남도 광양시 시청로 33,전라남도 광양시 중동 1313,34.94063056,127.6959675
원동미나리축제,-,원동 함포마을 일원,2022-03-01,2022-03-31,(축제취소)미나리 시식회 및 특산물 판매+ 원동미나리 직판장 개설운영,055-392-3232,http://tour.yangsan.go.kr/,경상남도 양산시 원동면 원동로 1708,경상남도 양산시 원동면 원리 414-8,35.38015379,128.9211173
원동매화축제,-,원동마을 일원,2022-03-02,2022-03-20,(비대면)원동매화 나무 분양 이벤트+ 원동매화 사진/영상 공모 기획전,055-392-2548,http://www.yangsanfes.com/,경상남도 양산시 원동면 원동로 2220,경상남도 양산시 원동면 영포리 537,35.42085217,128.9410364
선암매화제,-,선암사,2022-03-04,2022-03-06,매화 산책로+ 선암매화 사진공모전+ 음악회 등 개최 등,061-749-8876,,전라남도 순천시 승주읍 선암사길 450,,,
제18회 진안고원 운장산 고로쇠축제,-,주천면 운일암반일암 삼거광장,2022-03-11,2022-03-11,고로쇠 판매 및 체험 등,063-430-2393,https://jinan.go.kr/tour/sub_2/?p=1&n=10,전라북도 진안군 주천면 대불리 75-1,전라북도 진안군 주천면 대불리 75-1,35.98388102,127.3882948
단기4355년 어천절 대제전,-,사직동 단군성전,2022-03-15,2022-03-15,국조 단군의 승천을 기념하는 전통제례 봉행 및 부대행사,02-736-6375,http://blog.naver.com/lgb301,서울특별시 종로구 인왕산로 22,서울특별시 종로구 사직동 1-28,37.5758942,126.9658016
(코로나19로 행사취소)합천벚꽃마라톤대회,-,백리벚꽃길 코스,2022-03-20,2022-03-20,벚꽃길에서 펼쳐지는 달리미들의 대향연,055-930-4943,https://www.hc.go.kr/06573/06623/06624.web,경상남도 합천군 대병면 합천호수로 197,경상남도 합천군 대병면 회양리 1603-1,35.531585,128.0295197
휴애리 봄 수국축제,-,휴애리자연생활공원,2022-03-25,2022-05-31,정성스럽게 키운 다양한 수국을 온실. 수국정원. 등 공원 곳곳에서 감상할 수 있어 제주도민과 상춘객에게 인기가 좋은 제주 대표 봄 축제,064-732-2114,http://hueree.com,제주특별자치도 서귀포시 남원읍 신례동로 256,,,
2022 하영올레 걷기 축제,-,하영올레 코스,2022-03-25,2022-03-27,일자별 코스 걷기. 길 위의 이벤트 등,064-760-2655,http://hayoungolle.com,제주특별자치도 서귀포시 중앙로 105,,33.25420363,126.5602182
순천향매실 동네방네 매화축제,-,향매실체험관계월리,2022-03-25,2022-03-25,매화꽃길 걷기+ 매실체험행사+ 농가직거래장터 등,061-749-8088,,전라남도 순천시 월등면 계월리 491-1,,,
여수영취산진달래체험행사,-,영취산일원 돌고개,2022-03-25,2022-03-27,산신제+진달래백일장+사생대회+체험행사,061-659-4742,,전라남도 여수시 흥국사길 160,전라남도 여수시 월내동 547,34.82281621,127.7016059
2022년 연제고분판타지 왕가의행렬전,-,온천천시민공원 일원,2022-03-25,2022-04-10,전시행사,051-665-4065,,,부산광역시 연제구 거제동 1466-24,35.19588064,129.082826
제24회 서귀포유채꽃국제걷기대회,-,제주월드컵경기장일원,2022-03-26,2022-03-27,코로나19로 지친 몸과 마음을 달랠 수 있는 유채꽃 걷기 대회,064-760-3320,https://cafe.daum.net/seogwipo-walking,제주특별자치도 서귀포시 월드컵로 33,,33.24621937,126.5092753
조곡동벚꽃축제,-,남도교통(조곡동665-1)앞,2022-03-26,2022-03-27,체험부스+ 먹거리부스 운영,061-749-8387,,전라남도 순천시 용당둑길 121,,,
2022 물금 벚꽃 축제,-,양산시 황산공원 일원,2022-03-26,2022-03-30,(비대면)축하공연+ 공연행사+ 지역주민참여행사+ 문화전시행사 등,055-392-7012,,경상남도 양산시 물금읍 낙동로 295-9,경상남도 양산시 물금읍 물금리 172-2,35.30173083,128.9895949
배내골고로쇠축제,-,배내골홍보관,2022-03-26,2022-03-27,(축제취소)고로쇠 시음회+ 체험행사+ 문화공연 등,055-392-3232,http://tour.yangsan.go.kr/,경상남도 양산시 원동면 배내로 431,경상남도 양산시 원동면 선리 1421-5,35.4865568,128.985548
제12회 삼락벚꽃축제,-,삼락생태공원,2022-03-26,2022-03-27,삼락벚꽃축제,051-310-3002,,부산광역시 사상구 낙동대로 1310번길 19(삼락동),,35.17701002,128.9776397
제19회 사상강변축제,-,삼락생태공원,2022-03-26,2022-03-27,사상강변축제,051-310-4062,http://www.sasangculture.or.kr/,부산광역시 사상구 낙동대로 1310번길 19(삼락동),,35.17701002,128.9776397
벚꽃주간 버스킹 음악회,-,구미시,2022-03-31,2022-04-10,버스킹 공연,054-451-4422,http://www.gumiart.net/,경상북도 구미시 금오산로 218,경상북도 구미시 남통동 414-17,36.11997866,128.3209145
비슬산 참꽃문화제,-,비슬산 자연휴양림 일원,2022-04-01,2022-04-30,개막식+가요제+부대행사+체험부스,053-659-4292,http://culture.dalseong.daegu.kr,대구광역시 달성군 유가읍 양리 산1,,,
(축제 취소)백운산국사봉철쭉축제,-,옥곡면 국사봉랜드,2022-04-01,2022-04-04,공연+경연+체험+전시+판매+부대행사,061-797-4233,http://www.gwangyang.go.kr/tour_culture,전라남도 광양시 옥곡면 옥진로 665-1,전라남도 광양시 옥곡면 수평리 131-3,34.98936299,127.7001825
선도 수선화 축제,-,지도읍 선도,2022-04-01,2022-04-10,체험프로그램+자전거타기,,https://tour.shinan.go.kr/,전라남도 신안군 지도읍 선도길 72-26,,,
대금산진달래축제,-,대금산 중턱,2022-04-01,2022-04-30,대금산에 만개하는 진달래를 배경으로 펼쳐지는 축제,055-639-6724,,,경상남도 거제시 연초면 명동리 산 21,34.954281,128.6999381
산방산삼월삼짇날축제,-,산방산 임도,2022-04-01,2022-04-30,따뜻한 봄기운이 감도는 삼월 삼짇날 산방산에서 열리는 축제,055-639-6592,,,경상남도 거제시 둔덕면 산방리 331-1,34.85879629,128.524091
2022년 울산병영3.1만세운동 제22회 재현행사,-,울산 중구 병영 일원,2022-04-04,2022-04-05,위령제+삼일만세운동재현행사+부대행사,052-290-3664,,울산광역시 중구 남외동 488-5,울산광역시 중구 남외동 488-5,,
2022 양산봄꽃축제,-,신기동 양산천둔치 유채꽃단지 일원,2022-04-05,2022-04-13,(축제취소)튤립동산+ 포토존+ 풍차+ 꽃탑 등,055-392-5343,,경상남도 양산시 신기강변로 26(신기동),경상남도 양산시 북부동 671-1,35.35002163,129.0341247
2022 제주유채꽃축제,-,가시리 유채꽃광장 일대,2022-04-08,2022-04-10,가시리 명소탐방. 유채꽃 버스킹,064-760-3946,http://www.jejuflowerfestival.com/,제주특별자치도 서귀포시 표선면 녹산로 381-15,,33.38309593,126.7362847
신안튤립축제,-,신안튤립공원(임자도대광해변일원),2022-04-08,2022-04-17,예술공연+사진촬영대회+섬등산대회+각종 체험행사,061-240-4041,https://tour.shinan.go.kr/,전라남도 신안군 임자면 대광해수욕장길 179,,35.10291276,126.0725117
여주도자기축제,-,여주 프리미엄아울렛 EAST광장 일원,2022-04-08,2022-04-17,여주 도자기 전시 및 판매+ 공연 등,031-881-9693,www.yjcf.or.kr,경기도 여주시 명품로 360,경기도 여주시 상거동 460,,
청소년 어울림마당 행복누리축제,-,의정부시청소년수련관,2022-04-09,2022-11-19,공연마당+ 이벤트마당+ 체험마당,031-828-9544,http://www.uiyouth.or.kr,경기도 의정부시 의정로 27,경기도 의정부시 의정부동 352,37.73517724,127.0338894
낙동강유채꽃축제,-,대저생태공원,2022-04-09,2022-04-17,축제취소+ 자율관람,051-888-5222,http://www.bfo.or.kr/main/index.asp,부산광역시 강서구 공항로 1246(대저1동),부산광역시 강서구 대저1동 2314-11,35.20985086,128.9845591
2022 진안고원 꽃잔디축제,-,꽃잔디동산 및 원연장마을,2022-04-09,2022-05-08,꽃잔디 판매 외(코로나19 확산방지를 위한 축제 취소),063-430-2393,https://jinan.go.kr/tour/sub_2/?p=1&n=2,전라북도 진안군 진안읍 연장리 산 23-1,전라북도 진안군 진안읍 연장리 산 23-1,35.781374,127.397279
4.19혁명 국민문화제 2020,-,서울특별시 강북구 국립4.19 민주묘지 및 강북구 일원,2022-04-09,2022-04-19,4.19혁명 기념 국민문화제,02-901-6205,www.festival419.org,서울특별시 강북구 도봉로89길 13,서울특별시 강북구 수유동 192-59,37.63918553,127.0254518
청소년 문화 예술의 밤 흥선비긴어게인,-,평화의광장,2022-04-09,2022-10-01,청소년 버스킹+ 체험부스 및 플리마켓+ 토크쇼,031-828-9593,http://www.uiyouth.or.kr,경기도 의정부시 시민로19번길 13,경기도 의정부시 의정부동 488,37.7386919,127.0357766
전통산사문화재,-,원효사 일원,2022-04-11,2022-11-30,원효사일대 체험 프로그램,062-410-8369,https://www.wonhyosa.org/171,광주광역시 북구 무등로 1514-35,광주광역시 북구 금곡동 846,35.14863464,126.985744
생생문화재,-,충효동 일원,2022-04-11,2022-11-30,지역문화재활용 체험프로그램(김덕령장군),062-410-8369,http://www.munhwahouse.or.kr/bbs/board.php?bo_table=bch_program&sca=생생문화재,,광주광역시 북구 충효동 911,35.18482092,127.000917
태하성하신당제,-,서면 태하 성하신당,2022-04-12,2022-04-12,기원행사,054-790-6426,http://www.ulleung.go.kr/tour/page.htm?mnu_uid=1990&,경상북도 울릉군 서면 태하길 154,,37.51222566,130.800884
<다르게 조금 더 가깝게>展,-,의정부미술도서관,2022-04-13,2022-06-15,김유정+ 박수이+ 이해성 작가의 작품 전시,031-828-8870,https://www.uilib.go.kr/art,경기도 의정부시 민락로 248,,37.745147,127.106129
제8회 낙안읍성 전국 국악대전,-,낙안읍성 일원,2022-04-15,2022-04-16,판소리 경연대회 등,061-749-8838,,전라남도 순천시 낙안면 충민길 1,,,
양지암축제,-,양지암공원,2022-04-15,2022-04-30,푸른바다를 두른 양지암과 조각품의 아름다움에 취하다,055-639-6797,,,경상남도 거제시 능포동 408-2,34.87881823,128.736205
빈센트의 봄,-,장성역 광장+장성공원 일원,2022-04-16,2022-04-17,공연+체험+판매행사 등,061-390-7242,https://www.jangseong.go.kr/home/tour_new/festival,,전라남도 장성군 장성읍 영천리 1273-5,35.29995636,126.780147
상효원수목원 봄꽃축제,-,상효원수목원,2022-04-16,2022-05-15,제주를 찾는 여행객에게 아름다운 봄꽃과 제주의 자연을 선보인다.,064-733-2200,http://www.sanghyowon.com/,제주특별자치도 서귀포시 산록남로 2847-37,,,
마노르블랑 수국축제,-,마노르블랑카페,2022-04-18,2022-08-31,수국축제의 향연. 전세계 30여종 7천여본 수국들을 만나다,064-794-0999,https://manorblanc.modoo.at/,제주특별자치도 서귀포시 안덕면 일주서로2100번길 46,,,
인천연등축제,-,인천애뜰광장 및 송도컨벤시아,2022-04-22,2022-05-13,봉축탑 점등·전시 등,,,인천광역시 남동국 정각로 29+ 인천 연수구 센트럴로 123 송도컨벤시아,,,
계양산국악제,-,계산체육공원+계양문화회관,2022-04-22,2022-04-24,국악경연대회(예선 : 온라인심사+ 결선 : 대면심사)+ 축하+기획+특별공연(온오프병행),032-450-5874,,인천광역시 계양구 주부토로570,,37.54607851,126.7181298
용문산산나물축제,-,용문산관광지일대,2022-04-22,2022-04-24,양평 용문산 산나물 축제는 산나물의 맛과 향기를 느낄수 있는 신나는 공연+ 즐거운 체험과 전+산나물 요리등 다채로운 축제,031-770-2308,www.ypsannamul.kr,경기도 양평군 용문면 용문산로 782,경기도 양평군 용문면 신점리 625,37.55023222,127.5704646
제26회 한라산청정고사리축제,-,축제홈페이지,2022-04-23,2022-04-24,대한민국 관광 일번지 제주를 걷고 보고 만지고 느끼는 축제입니다.,064-760-4181,http://www.jejugosari.net/,제주특별자치도 서귀포시 남원읍 태위로 695,,33.2798959,126.720677
순천시 책 축제,-,버드네공원,2022-04-23,2022-04-23,지역 독서문화확산을 위한 독서활동체험 및 시민나눔장터 운영,061-749-6992,,전라남도 순천시 해룡면 기적의도서관2길 21,,,
봉화산 철쭉제,-,남원시 아영면 봉화산 일원,2022-04-23,2022-04-23,봉화산 철쭉 테마공연 등,063-620-4084,http://www.namwon.go.kr/tour/index.do,전라북도 남원시 아영면 성리 산56-6,전라북도 남원시 아영면 성리 산56-6,35.52409108,127.576659
거제맹종대나무축제,-,거제맹종죽테마파크,2022-04-28,2022-05-01,봄의 기운이 더욱 푸르러지는 4월. 하청면의 명소 거제맹종죽 테마파크 죽림포레스티벌로의 초대,055-639-6353,,,경상남도 거제시 하청면 실전리 산 84-6,34.96780022,128.651027
지리산 바래봉 철쭉제,-,지리산허브밸리 일원,2022-04-28,2022-05-22,산신제+ 바래봉 철쭉 및 지역 농특산품 홍보 등,063-620-3818,http://www.namwon.go.kr/tour/index.do,전라북도 남원시 운봉읍 바래봉길 214,전라북도 남원시 운봉읍 용산리 446-3,35.43509151,127.5486169
제23회 전주국제영화제,-,고사동영화의거리 일대,2022-04-28,2022-05-07,우수한 국내외 영화를 소개하는 영화축제의 장,063-280-7914,https://www.jeonjufest.kr/,전라북도 전주시 완산구 전주객사4길 74-12,전라북도 전주시 완산구 고사동 181,35.8208219,127.1437421
단종문화제,-,장릉 및 영월읍 일원,2022-04-29,2022-05-01,조신시대국장재현+정순왕후선발대회+야간칡줄다리기,033-375-6353,http://www.ywcf.com/,강원도 영월군 영월읍 단종로 24,강원도 영월군 영월읍 영흥리 961-2,37.18609549,128.4681825
태백 천상의 산나물 축제,-,황지연못 일원,2022-04-29,2022-05-01,전시+ 홍보+ 판매+ 영상 프로그램 진행,033-550-2420,http://tbcf.or.kr/,강원도 태백시 장성1길 171,강원도 태백시장성동 169-1,37.10051315,129.0082172
나비대축제,-,함평엑스포공원 및 함평읍시가지 제2무대 일원,2022-04-29,2022-05-08,함평나비 희망의 날개를 펴다(부제 : 다시 만나는 나비 세상),061-320-2238,https://www.hpftf.or.kr/contentsView.do?pageId=www42,전라남도 함평군 함평읍 곤재로 27,전라남도 함평군 함평읍 수호리 1153-1,35.05813923,126.5226056
백운계곡 뜬구름 축제,-,백운계곡 일대,2022-04-30,2022-05-22,장작패기+무술체험+포천쿠키만들기+레트로포토존+뜬구름빵+행운쿠기체험 등,,,경기도 포천시 이동면 포화로148,,38.07007473,127.4018616
문경찻사발축제,-,문경새재 오픈세트장,2022-04-30,2022-05-08,대한민국 도예 명장전 등 전시행사+왕의 찻자리 등 체험행사+사기장의 하루+차담이 어드벤처 등 특별행사,054-550-6395,http://www.sabal21.com,경상북도 문경시 문경읍 문경대로 2416,경상북도 문경시 문경읍 진안리 360-10,36.74062871,128.0845639
어린이 축제,-,한중문화관/영종역사관,2022-04-30,2022-05-01,공연+ 전시+ 전통놀이 등,032-777-9113,https://blog.naver.com/ijcf_official,인천광역시 중구 제물량로 238,인천광역시 중구 항동1가 1-2,,
문화놀이터 축제,-,도시재생구역,2022-05-01,2022-05-31,도시재생 뉴딜사업 중심시가지형 문화놀이터 축제,061-749-3034,,전라남도 순천시 장명로 30,,,
(코로나19로 행사취소)황매산 철쭉제,-,황매산군립공원,2022-05-01,2022-05-15,황매산 철쭉을 즐기는 축제,055-930-4758,http://www.hwangmaesan.kr,경상남도 합천군 가회면 황매산공원길 4,경상남도 합천군 가회면 둔내리 1319,35.48184913,128.0037495
서울장미축제,-,서울장미공원,2022-05-02,2022-05-22,장미개화시기에 맞춰 중랑천 둔치+ 수림대 공원에서의 특설 무대 공연+ 포토존+ 조각전 등 5.15km 장미터널을 활용한 서울대표문화축제,02-3407-6531,https://www.jungnang.go.kr/seoulRose/main.do?menuNo=201121+,서울특별시 중랑구 중랑천로 332,서울특별시 중랑구 묵동 378,37.6148099,127.073526
하동 야생차문화축제,-,하동군 하동 야생차 박물관,2022-05-04,2022-05-08,천 년의 역사를 지닌 우리나라 최초의 차 시배지에서 매년 개최되는 정부지정 명예 문화관광축제이다. 녹음이 우거지는 5월의 야생차축제에서 왕의 녹차의 맛과 향을 느끼며 휴식과 여유의 시간을 즐길 수 있다.,055-880-2051,https://www.hadong.go.kr/02641/02652/02809.web,경상남도 하동군 화개면 화개면 쌍계로 571-25,,,
제92회 춘향제,-,광한루원+요천로 일원,2022-05-04,2022-05-08,춘향제향+ 춘향선발대회+ 춘향국악대전+ 관광지 홍보 및 다양한 공연 등,063-620-5785,http://www.namwon.go.kr/tour/index.do,전라북도 남원시 요천로 1447,전라북도 남원시 천거동 78,35.40413057,127.380504
진주논개제,-,진주성 일원,2022-05-05,2022-05-08,헌다례 및 신위순행+ 의암별제+ 실경역사뮤지컬 의기논개+ 교방행렬+ 진주교방의악가무+ 교방문화 체험행사 등,055-746-5001,http://jjcc.or.kr/,경상남도 진주시 진양호로 476,경상남도 진주시 남성동 3-18,35.19079391,128.0776702
의견문화제,-,오수의견공원,2022-05-05,2022-05-07,반려동물 패션쇼+반려동물 토크쇼+반려동물 참여 및 체험프로그램+반려동물 산업박람회,063-642-5292,,전라북도 임실군 오수면 충효로 2096-16,전라북도 임실군 오수면 오수리 33,35.54520247,127.3326779
부안마실축제,-,부안군 일원(주행사장 : 부안읍 매창공원 일원),2022-05-05,2022-05-31,개막식+ 공연+ 전시+ 온라인 프로그램등 진행,063-580-4777,https://www.buanmasil.com/,전라북도 부안군 부안읍 매창로 89,전라북도 부안군 부안읍 서외리 566,35.71882124,126.7286953
한지문화제,-,원주한지테마파크 및 간현관광지 일원,2022-05-05,2022-05-15,기획전시+ 온라인체험 등,033-734-4739,www.hanjipark.com,강원도 원주시 한지공원길 151,강원도 원주시 무실동 16,37.33437553,127.9353957
어린이날 가족한마당,-,서창운동장,2022-05-05,2022-05-05,(축제취소)공연+ 참여 및 체험부스+ 사생대회 등,055-392-6172,,경상남도 양산시 대운9길 16-85,경상남도 양산시 삼호동 157,35.41161583,129.1822946
영주한국선비문화축제,-,영주시 선비촌 일원,2022-05-05,2022-05-08,소수서원 사액 봉안레 재현+한복맵시대회 등 한국정신문화의 뿌리 선비정신 알림,054-630-8707,http://yeongjufestival.or.kr/,,경상북도 영주시 순흥면 청구리 357,36.92847353,128.5834337
제4회 홍천산나물축제,-,토리숲도시산림공원,2022-05-05,2022-05-08,홍천산나물 홍보관+산나물판매+산나물음식체험+어린이체험부스운영+천원의행복등,033-430-2471,www.hccf.or.kr/,강원도 홍천군 홍천읍 산림공원2길 31,강원도 홍천군 홍천읍 갈마곡리 491,37.689887,127.8952774
제27회 부곡온천축제,-,부곡온천광광특구 일원,2022-05-06,2022-05-08,산신제+온정제+기념식+축하콘서트+힐링둘레길 걷기,,,,경상남도 창녕군 부곡면 거문리 203-1,35.43746252,128.588844
2022년 5월 유성온천문화축제,-,봉명동 온천로+계룡스파텔+갑천변,2022-05-06,2022-05-08,공식행사+대표행사+체험부대행사+전시관람행사+야간행사,042-611-2080,,대전광역시 유성구 계룡로123번길 52,대전광역시 유성구 봉명동 574,,
원도심 5월 소풍,-,칠성로1가 아케이드일원,2022-05-07,2022-05-07,우리동네. 원도심 원도심 소풍 행사,064-727-0617,http://jejuregen.org/,제주특별자치도 제주시 칠성로길 1,,,
제55회 황토현동학농민혁명기념제,-,구민사 및 갑오동학혁명기념탑,2022-05-07,2022-05-08,기념식+공식제례+청소년축전+연계행사+체험행사,063-539-5433,http://www.donghak.or.kr,전라북도 정읍시 덕천면 동학로 742,전라북도 정읍시 덕천면 하학리 산3-5,35.63370584,126.8301188
하동 북천 꽃 양귀비 축제,-,하동군 북천면 직전리 꽃단지 일원,2022-05-13,2022-05-22,동계 경관작물로 꽃양귀비를 전국 최대 면적으로 식재하며 경관보전직불제 사업과 연계하여 농촌경관을 활용하는 농촌 체험 관광형 축제로 시골간이역에 레일바이크를 타고 꽃밭이 가득한 고향역에 대한 향수와 농촌의 낭만을 만끽할 수 있다.,055-884-1235,https://www.hadong.go.kr/02641/02652/02810.web,경상남도 하동군 북천면 경서대로 2446-6,,,
마산아구데이축제,-,오동동문화광장,2022-05-13,2022-05-13,아구가요제+체험프로그램+무료시식회,,,,경상남도 창원시 마산합포구 동성동 177-1,,
울산쇠부리축제,-,달천철장 일원,2022-05-13,2022-05-15,체험+전시+학술,052-293-3500,www.soeburi.org,울산광역시 북구 달천철장길 58,울산광역시 북구 달천동 1-7,35.63421726,129.3289893
아트&플레이 페스타,-,안정리예술인광장,2022-05-14,2022-05-21,공연+전시+체험+플리마켓,031-692-9110,https://www.pccf.or.kr/,경기도 평택시 팽성읍 안정쇼핑로11,경기도 평택시 팽성읍 안정리113-1,36.95955991,127.0439994
자유공원 축제,-,자유공원/한중문화관,2022-05-14,2022-06-12,서예대전 전시 등,032-777-9113,https://blog.naver.com/ijcf_official,인천광역시 중구 제물량로232번길46,인천광역시 중구 송학동1가 11-1,,
2022 양산웅상회야제,-,웅상체육공원,2022-05-14,2022-05-15,(축제취소)개막식+ 폐막식+ 공연+ 시민참여 행사 등,055-392-6183,,경상남도 양산시 배움터길 60-19 웅상체육공원,경상남도 양산시 평산동 283,35.37762612,129.1434299
전주대사습놀이,-,국립무형유산원 및 전주한옥마을 일원,2022-05-14,2022-05-30,국악경연+ 전야제,063-288-0771,http://www.jjdss.or.kr,전라북도 전주시 덕진구 권삼득로 400,전라북도 전주시 덕진구 덕진동2가 184-1,35.84915665,127.1196082
인천산사음악회,-,호불사+수미정사,2022-05-15,2022-10-30,힐링음악회,,,인천광역시 연수구 옥련동 348-196+ 인천 미추홀구 매소홀로561번길 26-93,,,
의정부시 청소년 진로페스티벌,-,의정부시청소년수련관,2022-05-16,2022-05-20,직업인+ 학과 소개 및 E-sports 대회 셀프 뷰티등,031-828-9557,http://www.youthexpo.or.kr,경기도 의정부시 의정로 27,경기도 의정부시 의정부동 352,37.73517724,127.0338894
황룡강 (洪)길동무 꽃길 축제,-,황룡강변 일원+홍길동테마파크,2022-05-20,2022-05-22,공연+체험+판매행사 등,061-390-7242,https://www.jangseong.go.kr/home/tour_new/festival/festival_04/festival_04_02,,전라남도 장성군 장성읍 기산리 461-1,35.30951048,126.7815062
삼척장미축제,-,삼척장미공원일원,2022-05-20,2022-07-24,야간경관조명 및 포토존 조성 등,033-570-3071,,강원도 삼척시 오십천로 536,강원도 삼척시 정상동 232,37.43501045,129.1752024
장미꽃 필(feel)무렵,-,이곡장미공원,2022-05-20,2022-05-22,언택트(비대면) 로즈 in 달서버스킹(유튜브 공개)+로즈 포토존 인증샷 이벤트,053-584-9771,http://www.dscf.or.kr,대구광역시 달서구 선원남로 129,대구광역시 달서구 이곡동 1306-6,35.85741363,128.514463
2022년 제18회 해운대모래축제,-,해운대 해수욕장,2022-05-20,2022-05-23,모래작품 전시 및 체험프로그램+ 플라워카펫 등,051-749-4062,,부산광역시 해운대구 해운대해변로 264,부산광역시 해운대구 중동 1415-49,35.15910698,129.1602838
제34회 고양행주문화제,-,행주산성 및 행주산성 역사공원,2022-05-20,2022-05-21,행주투석전+ 뮤지컬행주대첩+ 수상불꽃놀이+ 행주국수대첩+ 전통놀이한마당 및 시민참여프로그램 등,031-960-9684,http://www.hjfestival.or.kr,경기도 고양시 덕양구 행주로 15번길 89,경기도 고양시 덕양구 행주내동 산26-1,37.59610775,126.8287118
곡성세계장미축제,-,섬진강기차마을,2022-05-21,2022-06-06,세계 유명 장미로 이뤄진 공원에서 행사+ 공연+ 이벤트 개최,061-360-8471,www.gokseong.go.kr,전라남도 곡성군 오곡면 기차마을로 232,전라남도 곡성군 오곡면 오지리 770-5,,
부활절 시민문화축제,-,송도센트럴파크 UN광장,2022-05-21,2022-05-21,부활축화음악공연+사랑나눔행사,,,인천광역시 연수구 컨벤시아대로 160,,,
의정부시 청소년 행복주간  [명사특강 ],-,의정부시청소년수련관,2022-05-21,2022-05-21,권용실교수 자녀와 함께 행복해 지는 방법,031-828-9562,http://www.uiyouth.or.kr,경기도 의정부시 의정로 27,경기도 의정부시 의정부동 352,37.73517724,127.0338894
청소년 행복 주간 및 청소년의 날,-,의정부시청소년수련관,2022-05-23,2022-05-28,상시 체험프로그램+ 마을축제+ 다양한 청소년 할인혜택 제공 등,031-820-9515,http://www.uiyouth.or.kr,경기도 의정부시 의정로27,경기도 의정부시 의정부동 352,37.73517724,127.0338894
청소년 행복주간 지역마을축제(동부권역),-,부용천(동오역~새말교),2022-05-24,2022-05-24,청소년 유관기관 부스 및 체험 프로그램 운영,031-828-9583,http://www.uiyouth.or.kr,경기도 의정부시 장곡로 551,경기도 의정부시 신곡동 815-1,37.7488377,127.0637621
용수골꽃양귀비축제,-,용수골꽃농장,2022-05-25,2022-06-12,꽃밭관람+ 포토존 이용+ 기념품 판매 등,033-764-4443,,,강원도 원주시 판부면 서곡리  1632-2,37.28472862,127.9404942
의정부시 청소년 행복주간  [가족뮤지컬 ],-,의정부시청소년수련관,2022-05-25,2022-05-25,가족뮤지컬- 사람은 무엇으로 사는가?,031-828-9562,http://www.uiyouth.or.kr,경기도 의정부시 의정로 27,경기도 의정부시 의정부동 352,37.73517724,127.0338894
청소년 행복주간 지역마을축제,-,의정부예총,2022-05-26,2022-05-26,청소년 체험부스+ 청소년 공연,031-828-9593,http://www.uiyouth.or.kr,경기도 의정부시 의정로80번길 18,경기도 의정부시 의정부동 477-1,37.73969683,127.0358325
휴애리 여름수국 축제,-,휴애리자연생활공원,2022-05-27,2022-07-20,휴애리 여름 수국축제는 정성스럽게 키운 다양한 수국을 온실. 수국정원. 수국오름 등 공원 곳곳에서 감상할 수 있어 제주도민과 관광객에게 인기가 좋은 제주 대표 축제다.,064-732-2114,http://hueree.com,제주특별자치도 서귀포시 남원읍 신례동로 256,,,
청소년안전망 페스티발,-,의정부시 행복로,2022-05-27,2022-05-27,기념식+ 문화공연+ 부스운영+ 체험 전시,031-828-9563,http://www.uiyouth.or.kr,경기도 의정부시 시민로 지하 100,경기도 의정부시 의정부동 99-6,37.73924561,127.0475838
청소년이 빛나는 밤,-,의정부시 천보문화공원,2022-05-27,2022-05-27,청소년 버스킹+ 소통이벤트+ 친환경음료부스,031-828-9585,http://www.uiyouth.or.kr,경기도 의정부시 새말로 38,경기도 의정부시 금오동 469-1,37.75107491,127.0643941
2022 양산 월드 힙합 어벤져스,-,황산공원,2022-05-27,2022-05-29,개막식+ 축하공연+ 힙합댄스 경연대회+ DJ/EDM파티 등,055-392-2544,,경상남도 양산시 물금읍 낙동로 295-9,경상남도 양산시 물금읍 물금리 172-2,35.30173083,128.9895949
마토예술제<캐리커처 투어파티>,-,안정리예술인광장 일대,2022-05-28,2022-05-28,캐리커처 테마 체험+공연+전시,031-692-9110,https://www.pccf.or.kr/,경기도 평택시 팽성읍 안정쇼핑로11,경기도 평택시 팽성읍 안정리113-1,36.95955991,127.0439994
청소년 Party,-,의정부시청소년수련관,2022-05-28,2022-05-28,전문공연팀 축하공연+ 청소년 동아리 공연 등,031-828-9545,http://www.uiyouth.or.kr,경기도 의정부시 의정로 27,경기도 의정부시 의정부동 352,37.73517724,127.0338894
소백산철쭉제,-,영주시 소백산 일원,2022-05-28,2022-05-29,소백산 산신제+죽령옛길걷기+소백산 철쭉 등반대회 등 소백산 철쭉 홍조,054-630-8707,http://yjsobaek.yctf.or.kr/,,경상북도 영주시 풍기읍 수철리 산 86-1,36.91240318,128.4706212
강릉단오제,-,강릉시 남대천 단오장 및 지정행사장,2022-05-30,2022-06-06,문화재행사+ 단오TV+ 전시+ 시민참여행사+ 단오유스페스티벌+ 온라인 챌린지 행사 등,033-641-1593,http://www.danojefestival.or.kr,강원도 강릉시 단오장길 1 (노암동),강원도 강릉시 노암동 722-2,37.74820212,128.8950714
저전동 상가골목축제,-,저전동 일방통행로(남교오거리~순천여고),2022-06-01,2022-06-30,상가 골목축제 운영,061-749-3471,,전라남도 순천시 저전길 54,,,
2022 찾아가는 음악회,-,구미시,2022-06-01,2022-11-30,찾아가는 소규모공연,054-451-4422,http://www.gumiart.net/,경상북도 구미시 금오산로 218,경상북도 구미시 남통동 414-17,36.11997866,128.3209145
구문소용축제,-,구문소용축제장,2022-06-01,2022-06-30,용신제 등 전통공연 및 체험프로그램,033-550-3895,http://tbcf.or.kr/,강원도 태백시 장성1길 171,강원도 태백시장성동 169-1,37.10051315,129.0082172
제9회 낙동강 구포나루 축제(2022년 하반기 예정),-,화명생태공원 선착장 일원,2022-06-01,2022-12-31,밀사리체험/바비큐체험/구포국수체험 등,051-309-4522,http://www.guponarufes.co.kr,부산광역시 북구 낙동대로1570번길 33(구포동),부산광역시 북구 구포동 1124-1,35.19688402,128.9900968
제10회 무주산골영화제,-,무주등나무운동장+무주산골영화관+덕유산국립공원,2022-06-02,2022-06-06,영화상영+공연,063-320-2541,http://www.mjff.or.kr/,전라북도 무주군 무주읍 한풍루로 326-14,전라북도 무주군 무주읍 당산리 1118,36.00262216,127.6614905
단양소백산철쭉제,-,상상의거리 일원,2022-06-02,2022-06-05,소백산 철쭉을 소재로 한 축제,043-420-2552,https://www.danyang.go.kr/sobaeksan/650,충청북도 단양군 단양읍 중앙1로 32,충청북도 단양군 단양읍 별곡리 315,36.98555614,128.368244
법성포단오제,-,법성포,2022-06-02,2022-06-05,문화축제,061-356-4331,http://bspdanoje.co.kr,전라남도 영광군 법성면 진굴비길 154-13,전라남도 영광군 법성면 진내리 642-10,35.36265187,126.4359383
민속그네뛰기,-,사동 자생식물원,2022-06-03,2022-06-03,그네뛰기,054-790-6426,http://www.ulleung.go.kr/tour/page.htm?mnu_uid=1989&,경상북도 울릉군 울릉읍 간령길 83-18,,37.46024044,130.8735494
2022 울산 마두희 축제,-,울산 중구 성남동 일원,2022-06-03,2022-06-05,큰줄다리기+부대행사,052-290-3662,,울산광역시 중구 시계탑거리 4,,,
경산자인단오제,-,경산시 자인면 계정숲,2022-06-03,2022-06-05,무형문화재 공연 및 각종 체험부대행사,053-856-5765,jaindano.or.kr,경상북도 경산시 자인면 계정길 68,경상북도 경산시 자인면 서부리 70,,
한라산 철쭉 등산대회 & 한라산 철쭉제,-,한라산 어리목광장 및 돈내코 충혼묘지주차장,2022-06-05,2022-06-05,제16회 전국 한라산 철쭉 등산대회,064-759-0848,https://jeju.kaf.or.kr/,제주특별자치도 서귀포시 돈내코로 137,,,
땅끝수국축제,-,포레스트수목원,2022-06-06,2022-07-18,100여희귀품종+수국사진공모전 등,061-533-7220,www.4est수목원.com,전라남도 해남군 현산면 봉동길 232-118,전라남도 해남군 현산면 황산리 산1-39,34.45321139,126.5955
사려니숲 에코힐링 체험,-,사려니숲,2022-06-09,2022-06-12,개막식 공연/ 인증샷 이벤트 기념품증정/ 숲속힐링명상프로그램 1일 2회,064-750-2291,https://www.facebook.com/saryeoni/,제주특별자치도 서귀포시 표선면 남조로 1487-73,,,
흥얼콘서트 국악을 품다,-,구미시,2022-06-09,2022-06-09,퓨전국악공연,054-453-3333,http://www.imaeil.com,경상북도 구미시 송정대로 95,경상북도 구미시 송정동 76번지,,
제17회 남해 마늘·한우 축제,-,남해유배문학관,2022-06-10,2022-06-12,남해 마늘 한우 판매,055-860-3908,http://tour.namhae.go.kr/main.web,경상남도 남해군 남해읍 남해대로 2745,경상남도 남해군 남해읍 남변리 555,,
제21회 의정부음악극축제,-,의정부예술의전당 외,2022-06-10,2022-06-18,음악극 공연+ 체험 및 전시행사,031-850-5143,http://www.uac.or.kr,경기도 의정부시 의정로 1,경기도 의정부시 의정부동 323,37.733386,127.034128
2022 제주 요가 페스티벌,-,제주시민복지타운 야외잔디광장,2022-06-11,2022-06-11,2022년 8월 유엔 세계요가의 날을 기념하여 전쟁으로 고통받고 있는 우크라이나를 돕기 위한 요그프로젝트를 평화의 섬 제주에서 개최합니다.,,,제주특별자치도 제주시 연삼로 286,,,
제11회 서귀포 봄맞이축제,-,이중섭공원,2022-06-11,2022-06-11,원도심 노지문화 마을산책. 진달래꽃 화전놀이 체험 등,,http://nojiculture.kr,제주특별자치도 서귀포시 이중섭로 27-3,,33.24585989,126.5648742
봉래산발복기원제,-,봉래산 헬기장,2022-06-11,2022-06-11,개회식+기원제+길놀이+의식공연+음복례 등,051-419-5722,http://www.yeongdo.go.kr/main.web,부산광역시 영도구 벚꽃길 1,부산광역시 영도구 청학동 산54-4,35.08646003,129.0590783
제22회 명창박록주 전국국악대전,-,구미시,2022-06-11,2022-06-12,국악경연대회,054-457-8365,http://www.parkrokju.org/,경상북도 구미시 고아읍 관심길 65,경상북도 구미시 고아읍 관심리 478,,
부산원도심골목길축제,-,중구+ 서구+ 동구+ 영도구,2022-06-11,2022-06-12,4개구 테마별 걷기 프로그램 등,051-888-5221,http://www.bfo.or.kr/main/index.asp,부산광역시 중구 중구로 120(대청동1가),부산광역시 중구 대청동1가 1-4,35.10619736,129.0323514
치악산왕발걸음축제,-,치악산 둘레길3코스,2022-06-11,2022-06-11,치악산 걷기 등,033-734-5966,,강원도 원주시 소초면 평장동길 86-16,강원도 원주시 소초면 평장리 823-7,37.41863773,128.0031734
2022 세계지질공원 수월봉 트레일,-,수월봉 및 차귀도,2022-06-13,2022-05-08,수월봉엉알길 코스 해설사 동행 탐방 프로그램. 지오 액티비티 차귀도유람선 탐방 트레일 이벤트 등,064-750-2291,https://www.instagram.com/trailgaza,제주특별자치도 제주시 한경면 노을해안로 1145,,,
거제 옥포대첩 축제,-,옥포대첩기념공원+옥포동 일원,2022-06-14,2022-06-15,옥포대첩축제로 명칭 변경+임진왜란 첫 승전인 옥포대첩을 기념하는 행사로 기념식을 비롯하여 문화예술/ 민속/ 이벤트행사 등이 다양하게 진행되며 시민 참여마당 및 볼거리 제공,055-639-3393,,경상남도 거제시 팔랑포2길 87,경상남도 거제시 옥포동 산 1-1,34.902198,128.714059
상화문학제,-,수성못 상화동산+수성문화원,2022-06-17,2022-06-19,백일장 공모+시낭송대회+문학강연+문학공연+상화문학답사,053-768-0002,http://www.suseong.or.kr,대구광역시 수성구 들안로16길 78,대구광역시 수성구 두산동 30,35.839227,128.618141
윤봉길평화축제,-,예산군 덕산면 충의사,2022-06-17,2022-06-19,윤봉길의사의 상해의거 90주년 기념행사+ 전시·체험행사+ 온라인이벤트,041-339-7317,http://www.ybgfestival.net/,,충청남도 예산군 덕산면 시량리 산40-1,,
두모포 페스티벌,-,옥수역 한강공원,2022-06-18,2022-06-18,두모포의 과거 역사적 사실을 바탕으로 희망의 메시지를 전달하는 축제 개최,02-2204-7558,www.sdfac.or.kr,,서울특별시 성동구 옥수동 490-2,37.54061648,127.0183982
제23회 용전들노래 정기공연,-,용전동 용전마을 일원,2022-06-18,2022-06-18,용전들노래재현+ 체험마당+ 공연 등(2020년 일정 미정),062-410-8369,https://bukgu.gwangju.kr/board.es?mid=a10201110000&bid=0315,광주광역시 북구 용전마을길 42(용전동),광주광역시 북구 용전동 171-3,35.23893658,126.8973084
제26회 제주국제관광마라톤축제,-,구좌종합운동장,2022-06-19,2022-06-19,해안도로를 따라 HALF / 10km / 5km 걷기 코스 운영,064-741-8772,https://jejumarathon.com/,제주특별자치도 제주시 구좌읍 김녕로 209,,,
섬 수국 축제,-,도초도,2022-06-23,2022-07-03,다채로운 수국꽃 관람 및 전시+체험 프로그램,,https://tour.shinan.go.kr/,,전라남도 신안군 도초면 지남리 970,,
마토예술제<물이랑 놀자>,-,안정리예술인광장 일대,2022-06-25,2022-06-25,물총놀이+공연+체험,031-692-9110,https://www.pccf.or.kr/,경기도 평택시 팽성읍 안정쇼핑로11,경기도 평택시 팽성읍 안정리113-1,36.95955991,127.0439994
팔봉산 감자축제,-,팔봉면 양길리 주차장,2022-06-25,2022-06-26,감자캐기 체험+판매,041-660-3937,https://www.seosan.go.kr/tour/index.do,충청남도 서산시 팔봉면 팔봉산로 100,충청남도 서산시 팔봉면 양길리 820,,
회당문화축제,-,울릉군 도동항,2022-06-27,2022-06-29,회당문화축제,054-790-6426,http://www.ulleung.go.kr/tour/page.htm?mnu_uid=1992&,울릉군 울릉읍 도동1길 5-42,,37.4819992,130.9082172
제7회 순천미식대첩,-,미정,2022-07-01,2022-07-31,테마별 순천대표맛집 선정,061-749-4833,,전라남도 순천시 장명로 30,,,
몽미락 거리 축제,-,몽미락거리,2022-07-01,2022-07-31,주민제안 공모사업과 연계한 몽미락거리 축제,061-749-3472,,전라남도 순천시 중앙4길 6-1,,,
청년거리문화축제,-,여수시 일원,2022-07-01,2022-12-31,거리공연+프리마켓 등,061-659-4742,,전라남도 여수시 시청동1길 23,전라남도 여수시 학동 174,34.75870818,127.6636144
치악산찰옥수수축제,-,문막체육공원,2022-07-01,2022-07-31,지역 옥수수 판매 등,033-737-1164,,,강원도 원주시 문막읍 문막리 329-45,37.30871547,127.8115249
2022 문화의거리 현대미술제,-,울산 중구 문화의거리,2022-07-02,2022-07-10,갤러리+거리 미술작품 전시,052-290-3666,,울산광역시 중구 옥교동 277-1,울산광역시 중구 옥교동 277-1,,
제26회 부천국제판타스틱영화제,-,부천시청 일원,2022-07-07,2022-07-17,개폐막식+영화상영+문화행사 등,032-327-6313,http://www.bifan.kr,경기도 부천시 길주로 210,경기도 부천시 중동 1156,37.50358247,126.765337
원추리축제,-,홍도,2022-07-08,2022-07-17,문예공원+원추리꽃 사진촬영대회+자산어보 영화상영,,https://tour.shinan.go.kr/,전라남도 신안군 흑산면 홍도1길 21-5,,,
섬 크로코스미아 꽃축제,-,1004섬 분재공원 일원,2022-07-08,2022-07-24,예술공원+크로코스미아 꽃 관람 및 체험,,https://tour.shinan.go.kr/,전라남도 신안군 압해읍 무지개길 330,,,
제22회 밀양공연예술축제,-,밀양아리랑아트센터 밀양아리나,2022-07-08,2022-07-29,연극축제,,www.theatervillage.co.kr,경상남도 밀양시 부북면 창밀로 3097-16,,35.53347627,128.7046157
제40회 대한민국연극제,-,밀양아리랑아트센터 밀양아리나,2022-07-08,2022-07-30,연극축제,,http://ktf365.org/,경상남도 밀양시 부북면 창밀로 3097-16,,35.53347627,128.7046157
남부면 수국축제,-,매물도 여객선 주차장,2022-07-09,2022-07-10,남부면에서 20여년 동안 가꾸어 온 아름다운 수국꽃을 시민 및 관광객들에게 선물을 선사하다,055-639-6531,,경상남도 거제시 남부면 남부해안로 30,경상남도 거제시 남부면 저구리 70,34.732251,128.610123
설봉산별빛축제,-,설봉공원야외대공연장,2022-07-09,2022-08-06,대중예술공연(총5회공연),031-634-7300,http://www.2000art.or.kr,경기도 이천시 경충대로2697번길 304,경기도 이천시 관고동 393-1,37.27792699,127.425921
청소년 종합예술제 끼자랑꿈자랑 경연대회,-,의정부시청소년수련관,2022-07-13,2022-07-15,4개부문 18개종목 경연대회 운영,031-828-9542,http://www.uiyouth.or.kr,경기도 의정부시 의정로 27,경기도 의정부시 의정부동 352,37.73517724,127.0338894
부여서동연꽃축제,-,서동공원,2022-07-14,2022-07-17,경관조성+공연·경연·체험 등,041-830-2207,http://lotusfestival.kr/,,충청남도 부여군 부여읍 동남리 115-6,36.269749,126.9141422
금산삼계탕축제,-,금산인삼관 광장 일원,2022-07-15,2022-07-17,ㅇ삼계탕 사연 공모+먹방 콘테스트+라이브 커머스+쉐프 요리쇼+삼계탕 요리경연대회+대형 가마솥 요리 시연+가족 단위 물놀이 행사 등,041-750-4147,http://www.insamfestival.co.kr/,충청남도 금산군 금산읍 인삼광장로 30,충청남도 금산군 금산읍 신대리 392,36.1000256,127.5007304
도시농업 어울림 한마당,-,신대도시텃밭,2022-07-16,2022-07-16,도시농업 체험행사+ 부스 운영 등,061-749-8684,,전라남도 순천시 해룡면 매안로 162,,,
제25회 보령머드축제,-,충청남도 보령시 대천해수욕장 일원,2022-07-16,2022-08-15,보령해양머드박람회 연계 프로그램 40여종,041-930-0891,http://www.mudfestival.or.kr,충청남도 보령시 대해로 897-15,충청남도 보령시 신흑동 2022,36.304497,126.517028
하동 섬진강재첩문화축제,-,하동읍 송림공원 및 섬진강변 일원,2022-07-22,2021-07-24,섬진강의 문화+ 하동재첩+ 축제를 결합한 종합 관광+ 산업 축제의 가능성을 제시한 대한민국 대표 여름축제로 매년 7월경 하동읍 송림공원과 섬진강에서 개최되는 축제이며+ 정부지정 유망축제이다,055-880-2051,https://www.hadong.go.kr/02641/02652/02812.web,경상남도 하동군 하동읍 섬진강대로 2107-8,,,
동강국제사진제,-,동강사진박물관,2022-07-22,2022-10-09,동강사진상+워크숍+사진예술전시,033-375-6353,http://www.ywcf.com/,강원도 영월군 영월읍 영월로 1909-10,강원도 영월군 영월읍 하송리 217-2,37.18193994,128.4615511
2022 순천만국가정원 정원야행(夜行),-,순천만국가정원 동원,2022-07-23,2022-08-08,나이트 런(Run)+ 정원영화제+ 휴식테마 비밀의 숲 등 힐링+ 문화+ 참여를 테마로 한 프로그램 운영,061-749-2728,,전라남도 순천시 국가정원1호길 47,,,
서창만드리 풍년제,-,서구 서창동 한옥문화관 일원,2022-07-25,2022-08-12,의식행사+ 들노래 만드리 재현+ 문화예술공연+ 전통문화 체험부스 운영 등,062-350-4988,https://www.seogu.gwangju.kr/menu.es?mid=a70302000000,광주광역시 서구 서창발산길 10(서창동),광주광역시 서구 서창동 424-1,35.1071746,126.8231387
영월동강뗏목축제,-,동강둔치 일원,2022-07-28,2022-07-30,전통뗏목시연+맨손송어잡기+래프팅,033-375-6353,http://www.ywcf.com/,,강원도 영월군 영월읍 하송리 61-11,37.17968547,128.4698463
태백 커플축제,-,통리 일원,2022-07-28,2022-07-29,문화공연+ 체험행사+ 스탬프 투어 등,033-550-2304,http://tbcf.or.kr/,강원도 태백시 장성1길 171,강원도 태백시장성동 169-1,37.10051315,129.0082172
충주호수축제,-,충주탄금호국제조정경기장,2022-07-28,2022-07-31,수상레저+뮤직페스티벌+수상공연,043-851-7981,www.cjlake.kr,충청북도 충주시 중앙로 128,충청북도 충주시 성내동 215,36.97061868,127.9372208
제11회 산토끼와 따오기가 함께하는 창작동요제,-,창녕문화예술회관 대공연장,2022-07-29,2022-07-30,동요노래부르기 대회+창작동요제,,,경상남도 창녕군 창녕읍 우포2로 1189-25,경상남도 창녕군 교리 991,35.54473636,128.4902051
바다로 세계로,-,구조라해수욕장 등,2022-07-29,2022-07-31,스포츠와 함께하는 여름축제로 매년 7월말에서 8월초순 경에 개최되는 한려수도 해양축제로 천혜의 관광자원과 문화예술공연을 함께 즐길 수 있는 전국 최대규모의 해양축제,055-639-4163,,경상남도 거제시 일운면 거제대로 2056,경상남도 거제시 일운면 구조라리 502,34.80794905,128.6922053
여수거북선축제,-,이순신광장 및 선소일원,2022-07-29,2022-07-31,통제영길놀이+개막행사+각종체험공연행사,061-659-4743,www.jinnamje.com,전라남도 여수시 이순신광장로 95,전라남도 여수시 중앙동 385-6번지 등,34.73922445,127.7365808
해변가요제,-,울릉군 저동항,2022-07-29,2022-07-30,해변가요제,054-790-6426,http://www.ulleung.go.kr/tour/page.htm?mnu_uid=1991&,울릉군 울릉읍 저동리,,37.4955239,130.9097003
송호해변여름축제,-,송호해수욕장,2022-07-29,2022-07-31,축하공연+버스킹+수상레저체험+체험프로그램 등,061-530-5158,www.haenam.go.kr,전라남도 해남군 송지면 땅끝해안로 1813,전라남도 해남군 송지면 송호리 914-5,34.3157139,126.5189509
김천국제가족연극제,-,김천문화예술회관,2022-07-29,2022-08-07,연극공연,054-439-8245,www.gitf.co.kr,경상북도 김천시 운동장길 3 김천문화예술회관,,36.13824055,128.088634
삼길포우럭축제,-,대산읍 화곡리 삼길포항,2022-07-29,2022-07-31,우럭체험 및 전시+판매,041-660-2069,https://www.seosan.go.kr/tour/index.do,충청남도 서산시 대산읍 삼길포1로 65,,,
양평물축제,-,옥천레포츠공원,2022-07-29,2022-07-31,양평 물축제는 옥천면 사탄천 일대에서 가족과 함께 시원한 여름을 즐기는 축제,031-770-3155,https://okcheonwater.modoo.at/,경기도 양평군 옥천면 옥천체육공원길 66,경기도 양평군 옥천면 옥천리 767,37.52001447,127.4561346
한강 낙동강 발원지 축제,-,중앙로+ 황지연못 일원,2022-07-29,2022-08-13,퍼레이드+ 공연+ 체험행사+ 부스 운영 등,033-550-2304,http://tbcf.or.kr/,강원도 태백시 장성1길 171,강원도 태백시장성동 169-1,37.10051315,129.0082172
순천명품 월등복숭아 체험행사,-,월등면 일원(복숭아 재배농가),2022-07-30,2022-08-07,복숭아 따기 체험 및 복숭아 판매 등,061-749-8089,,전라남도 순천시 월등면 월등로 571,,,
봉화은어축제,-,봉화읍 내성천 일원,2022-07-30,2022-08-07,은어반두잡이+맨손잡이 체험 등,054-674-3053,https://bhftf.co.kr:8091/,,경북 봉화군 봉화읍 내성리 506,36.8888791,128.7378251
제15회_정남진_장흥_물축제,-,탐진강+편백숲우드랜드,2022-07-30,2022-08-07,살수대첩+지상최대의물싸움+황금물고기를잡아라+수중줄다리기+워터락풀파티+별밤수다쟁이+지상최대의워터붐,061-860-5771,https://www.jangheung.go.kr/festival,,전라남도 장흥군 장흥읍 건산리 805,,
부산바다축제,-,부산전역,2022-07-30,2022-08-06,(계획미확정)100여개의 공간에서 펼쳐지는 다양한 문화콘텐츠,051-888-5224,http://www.bfo.or.kr/main/index.asp,부산광역시 연제구 중앙대로 1001,부산광역시 연제구 연산동 1000,35.17992893,129.0750915
제14회 진안고원 수박축제,-,동향면 체련공원 일원,2022-07-30,2022-07-31,수박판매 외,063-430-2393,https://jinan.go.kr/tour/sub_2/?p=1&n=4,전라북도 진안군 동향면 진성로 1687,전라북도 진안군 동향면 능금리 2198-2,35.84147374,127.5747111
2022 김포 아라마린페스티벌,-,아라마리나 일원,2022-07-30,2022-07-31,SUP대회+ 워터콘서트+ 수상레저체험행사 등,031-999-7833,aramarinefestival.com,경기도 김포시 고촌읍 아라육로270번길 73,경기도 김포시 고촌읍 전호리 774,37.599296,126.7891571
합천바캉스축제,-,정양레포츠공원,2022-07-30,2022-08-07,전국에서 가장 HOT한 합천에서 가족과 함께하는 바캉스,055-930-4666,https://www.hcvacance.co.kr/,경상남도 합천군 대양면 동부로 39-19,경상남도 합천군 대양면 정양리 613-2,35.5573152,128.1675442
청소년이 빛나는 밤,-,의정부시 천보문화공원,2022-07-30,2022-07-30,청소년 버스킹+ 소통이벤트+ 친환경음료부스,031-828-9585,http://www.uiyouth.or.kr,경기도 의정부시 새말로 38,경기도 의정부시 금오동 469-1,37.75107491,127.0643941
2022 정원예술제,-,순천만국가정원+남문터 광장 일원 등,2022-08-01,2022-08-31,공연+ 전시+ 체험행사 등,061-749-6802,,전라남도 순천시 국가정원1호길 47,,,
보물섬 갈화 왕새우축제,-,고현면 갈화항,2022-08-01,2022-08-31,왕새우 맨손잡이 체험+ 왕새우 판매 등,055-860-8603,http://tour.namhae.go.kr/main.web,경상남도 남해군 고현면 남서대로2979번길 20,경상남도 남해군 고현면 갈화리 1733-1,,
치악산복숭아축제,-,댄싱공연장 일원,2022-08-01,2022-08-31,지역 복숭아 판매 등,033-737-4131,,강원도 원주시 단구로 170,강원도 원주시 명륜동 345,37.33642953,127.9462614
백아산 철쭉제,-,백아산 약수터 앞 재단+아산복지회관 잔디광장 일원,2022-08-01,2022-11-01,육이오 희생자 위령제+백아산 철쭉제,061-379-5107,,전라남도 화순군 백아면 학천길 20,전라남도 화순군 백아면 이천리 52,35.16777359,127.1339121
화순운주문화축제,-,도암면 운주사 일원,2022-08-01,2022-11-01,그림그리기 대회+청소년 댄스 경연+마을밴드 공연+선사음악회+사진전+민속놀이 체험,061-379-5082,,전라남도 화순군 도암면 천태로 91-20,전라남도 화순군 도암면 용강리 110,34.91804535,126.8776541
화순고인돌문화축제,-,고인돌 유적지 일원,2022-08-01,2022-11-01,식전공연+고인돌이야기재현+솟대세우기+사진전+민속놀이+체육대회,061-379-5070,,전라남도 화순군 도곡면 고인돌1로 186-50,전라남도 화순군 도곡면 효산리 64,34.98559855,126.9185943
보성전어축제_예정,-,율포해수욕장 일원,2022-08-01,2022-08-31,지역 농특산물 판매 및 체험 전시행사,,,전라남도 보성군 회천면 우암길 24,,,
현인가요제,-,송도해수욕장,2022-08-04,2022-08-07,개막행사+ 현인가요제 전야제+ 현인가요제 본선,02-2655-3157,http://culture.bsseogu.go.kr,부산광역시 서구 송도해변로 100,부산광역시 서구 암남동 135-5,35.07682117,129.0180502
제12회 평택록페스티벌&전국밴드경연대회,-,이충분수공원 야외공연장,2022-08-05,2022-08-06,공연+경연대회,031-8053-3542,http://ptrockfestival.com/,경기도 평택시 이충동 276-5,경기도 평택시 이충동 276-5,37.06618464,127.068326
인천펜타포트 음악축제,-,송도달빛축제공원,2022-08-05,2022-08-07,국내·외 아티스트 콘서트,,https://pentaport.co.kr/,인천광역시 연수구 센트럴로 350,,,
삼수 매봉산 바람개비 축제,-,삼수 매봉산 일원,2022-08-05,2022-08-07,바람개비 컨텐츠를 통한 축제개최를 통한 주민화합 및 지역경제 활성화 도모,033-550-2256,http://tbcf.or.kr/,강원도 태백시 장성1길 171,강원도 태백시장성동 169-1,37.10051315,129.0082172
2022 통영한산대첩축제,-,통영 삼도수군통제영 및 통영시 일원,2022-08-05,2022-08-14,고유제+군점+이순신장군 행렬+한산대첩 재현+공중한산해전+김한민감독 초청강연,055-650-4532,https://tyhansancf.or.kr/,경상남도 통영시 세병로 27(문화동),경상남도 통영시 문화동 62,34.84715495,128.423489
[SEMI 예천곤충엑스포] 2022예천곤충축제,-,곤충생태원 및 예천읍시가지,2022-08-06,2022-08-15,살아있는 곤충세상 속으로+ 전시체험+ 공식행사+ 학술행사+ 연계행사,054-650-6037,http://www.insect-expo.org/,경상북도 예천군 효자면 은풍로 1045,경상북도 예천군 효자면 고항리 577,36.82443597,128.4586463
제17회 순천명품월등복숭아 축제,-,월등면 잔디광장일원,2022-08-06,2022-08-07,복숭아 체험+ 전시+직판+ 시식코너+ 공연행사 등,061-749-8722,,전라남도 순천시 월등면 월등로 571,,,
제천국제음악영화제,-,시내일원+ 의림지,2022-08-12,2022-08-17,음악영화제,043-646-2242,http://www.jimff.org,충청북도 제천시 의림대로12길 14-1,충청북도 제천시 청전동 110,37.1493417,128.2160865
순천 문화재 야행,-,문화의 거리 일원,2022-08-12,2022-08-14,야간에 보는 문화재 해설투어+ 체험+ 전시+ 공연 등,061-749-6814,,전라남도 순천시 장명로 30,,,
필봉마을굿축제,-,필봉문화촌,2022-08-12,2022-08-15,국가무형문화재 초청공연+전국농악경연대회+전통연희+학술세미나,063-643-1902,www.pilbong.co.kr,전라북도 임실군 강진면 강운로 272,전라북도 임실군 강진면 필봉리 88-1,35.53639442,127.1544452
거문도백도은빛바다체험행사,-,삼산면 거문도 일원,2022-08-13,2022-08-15,길놀이+은빛가요제+맨손활어잡기+지인망끌기체험,061-659-4742,,전라남도 여수시 삼산면 거문길 28-10,전라남도 여수시 삼산면 거문리 111-35,34.02575979,127.311945
둔내고랭지토마토축제,-,둔내종합체육공원,2022-08-13,2022-08-15,토마토풀장+향토음식체험 등,033-340-2774,,강원도 횡성군 둔내면 경강로 4708,강원도 횡성군 둔내면 둔방내리 58-11,37.516751,128.2137118
2022 영동포도축제,-,레인보우힐링관광지,2022-08-25,2022-08-28,포도판매장+포도밟기+공연 등,043-745-8916,,충청북도 영동군 영동읍 동정로 1,,,
2022 청양고추구기자 축제,-,백세건강공원,2022-08-26,2022-08-28,공연+전시+판매+체험+부대행사 등,041-940-2193,www.칠갑마루.com,,충청남도 청양군 청양읍 읍내리 377-10,,
오시아노 썸머뮤직 페스티벌,-,오시아노 관광단지,2022-08-26,2022-08-27,음악콘서트+SNS이벤트 등,061-530-5158,www.haenam.go.kr,,전라남도 해남군 화원면 화봉리 376-1,34.66958237,126.2604602
제11회 평택 가족캠핑 스마트영상제,-,무봉산청소년수련원,2022-08-26,2022-08-28,영상제+캠핑+공연+체험,031-8053-3543,https://www.pccf.or.kr/,경기도 평택시 진위면 진위로 181-94,경기도 평택시 진위면 동천리 681,37.10584894,127.1012038
횡성더덕축제,-,청일면 유동3리 농거리축제장,2022-08-26,2022-08-28,더덕캐기체험+더덕품평회 등,033-340-2832,,강원도 횡성군 청일면 유동로 17,강원도 횡성군 청일면 유동리 850-2,37.58392059,128.1502908
함양연암문화화제,-,안의면 오리숲일원,2022-08-26,2022-08-27,학술대회+연암역사 퀴즈대회+연암 부임행차+연암제례+축하공연+군민노래자랑,055-962-0899,,,경상남도 함양군 안의면 금천리 241,35.63129664,127.812171
광주왕실도자기축제,-,곤지암도자공원,2022-08-26,2022-08-28,왕실도자기판매전시,031-760-1724,,경기도 광주시 곤지암읍 경충대로 727,경기도 광주시 곤지암읍 삼리 72-1,37.35027808,127.334786
제26회 무주반딧불축제,-,무주군 일원,2022-08-27,2022-09-04,환경탐사+체험 판매 등 상설행사+문화예술행사,063-320-2537,http://firefly.or.kr/index2.sgk,전라북도 무주군 무주읍 한풍루로 326-14,전라북도 무주군 무주읍 당산리 1118,36.00262216,127.6614905
거제맥주축제,-,장승포 수변공원,2022-08-27,2022-08-31,음악공연+즉석 댄스 등 경연+이벤트 및 각종 퍼포먼스,055-639-3373,,,경상남도 거제시 장승포동 685-3,34.866881,128.726047
울릉도오징어축제,-,울릉군 일원,2022-08-27,2022-08-29,오징어축제,054-790-6426,http://www.ulleung.go.kr/tour/page.htm?mnu_uid=1986&,울릉군 울릉읍 저동리,,37.4955239,130.9097003
제4회 블랙뮤직페스티벌,-,의정부실내체육관,2022-08-27,2022-08-28,힙합장르를 중심으로 하는 의정부 대표 뮤직 페스티벌,031-850-5145,http://www.uac.or.kr,경기도 의정부시 의정로 1,경기도 의정부시 의정부동 323,37.733386,127.034128
골목이 들썩들썩 마을축제,-,저전동 3+4통 일원,2022-09-01,2022-09-30,저전길 골목상가~마을박물관정원~옥천연계 마을축제,061-749-3471,,전라남도 순천시 청사1길 43,,,
생태문화축제,-,문화의 거리 일원,2022-09-01,2022-09-30,생태문화의 달 제정식+ 공식행사+ 전시+ 체험+ 포럼+ 공연 등,061-749-3222,,전라남도 순천시 장명로 30,,,
2022 순천 푸드앤아트페스티벌,-,UD거리 등 순천시 일원,2022-09-01,2022-10-31,푸드로드+ 아트로드+ 패션쇼 및 캠핑 등 체험프로그램,061-749-5796,,전라남도 순천시 장명로 30,,,
문경약돌한우축제,-,문경새재도립공원일원,2022-09-01,2022-09-30,문경약돌한우 홍보,054-571-7677,http://mghanwoo.or.kr/,경상북도 문경시 문경읍 새재로932,경상북도 문경시 문경읍 상초리 288-1,36.76160207,128.0769905
문경사과축제,-,문경새재도립공원일원,2022-09-01,2022-09-30,문경사과 홍보,054-571-7677,http://www.mgapple.or.kr/,경상북도 문경시 문경읍 새재로932,경상북도 문경시 문경읍 상초리 288-1,36.76160207,128.0769905
제41회설성문화제,-,설성공원일원,2022-09-01,2022-09-30,민속예술한마당놀이+ 군민노래자랑 등 각종 체험,043-872-4084,http://eumseong.kccf.or.kr,충청북도 음성군 음성읍 수정로 38,충청북도 음성군 음성읍 읍내리 446-1,36.93427623,127.6906949
양성평등주간 기념행사,-,의정부예술의전당,2022-09-01,2022-09-07,양성평등상 시상 및 부대행사 등,031-828-4232,https://www.ui4u.go.kr,경기도 의정부시 의정로 1,경기도 의정부시 의정부동 323,37.733386,127.034128
원주문화재야행,-,강원감영 외,2022-09-01,2022-09-30,감영골목 벼룩시장 등,033-764-3794,,,강원도 원주시 일산동 54-2,37.34839055,127.9500707
경산갓바위소원성취축제,-,갓바위공영주차장,2022-09-01,2022-10-31,소원성취 다례봉행+ 음악회 및 각종부대행사,053-851-0022,,경상북도 경산시 와촌면 와천서길 341,경상북도 경산시 와촌면 동강리 48-2,,
복성현축제_예정,-,복내체육공원 일원,2022-09-01,2022-09-30,지역 농특산물 판매 및 체험 전시행사,,,,전라남도 보성군 복내면 복내리 536-13,,
동로성축제_예정,-,조성중학교 일원,2022-09-01,2022-09-30,지역 농특산물 판매 및 체험 전시행사,,,전라남도 보성군 조성면 조성2길 4-7,,,
이천도자기축제,-,이천시 신둔면 예스파크,2022-09-02,2022-10-03,도자기전시+체험,031-636-2200,http://www.ceramic.or.kr,경기도 이천시 신둔면 도자예술로5번길 109,경기도 이천시 신둔면 고척리 599-6,37.29309775,127.385686
제17회 함양산삼축제,-,상림공원,2022-09-02,2022-09-11,황금산삼을찾아라+산삼캐기체험+심마니의 여정+심마니역사문화체험+산양삼및농특산물판매+산삼관+불로장생먹거리+밤소풍+달빛음악회+힐링산삼숲체험+포스트엑스포,055-964-3353,http://sansamfestival.hygn.go.kr,경상남도 함양군 함양읍 대맛길 107-1,경상남도 함양군 함양읍 교산리 1043-6,35.527582,127.7209014
직지문화제,-,고인쇄박물관 일원,2022-09-02,2022-09-07,유네스코 공식행사 및 전시 학술 체험 등,043-201-3663,,충청북도 청주시 흥덕구 직지대로 713,충청북도 청주시 흥덕구 운천동 866,,
입장거봉포도축제,-,입장거봉포도휴게소,2022-09-02,2022-09-12,입장거봉포도 휴게소 내 드라이브스루 시식코너+판매장 운영,041-521-6847,,충청남도 천안시 서북구 입장면 하장4길 19,,36.91362961,127.2197586
한여름밤의 남원 막걸리 축제,-,사랑의광장,2022-09-02,2022-09-04,막걸리 퍼포먼스+ 막걸리 안주 시식+ 대중공연 등,063-620-6170,http://www.namwon.go.kr/tour/index.do,전라북도 남원시 양림길 12,전라북도 남원시 어현동 37-11,35.40248095,127.3861268
제5회 철도마을축제 및 제3회 어린이동요제,-,조곡동 행정복지센터 일원,2022-09-03,2022-09-03,마을축제(체험및부스운영)+ 동요제,061-749-8387,,전라남도 순천시 자경1길 13,,,
청소년 스트레스 해소방안 탐색축제 (스트레스 팡팡),-,의정부시 천보문화공원,2022-09-03,2022-09-03,자기성격유형알기+ 다양한 스트레스 해소방안 탐색부스 운영 등,031-828-9585,http://www.uiyouth.or.kr,경기도 의정부시 새말로 38,경기도 의정부시 금오동 469-1,37.75107491,127.0643941
양산시청소년한마음축제,-,황산공원,2022-09-06,2022-09-06,(연기)기념식+ 축하공연+ 전국청소년동아리경연대회+ EDM파티 등,055-392-4702,,경상남도 양산시 물금읍 낙동로 295-9,경상남도 양산시 물금읍 물금리 172-2,35.30173083,128.9895949
시(詩)를 노래하는 달빛 콘서트,-,월광수변공원,2022-09-09,2022-09-11,시(詩)낭송과 함께 시를 노래하는 달빛콘서트,053-584-9712,http://www.dscf.or.kr,대구광역시 달서구 월곡로 5,대구광역시 달서구 도원동 898-1,35.79880604,128.548286
추석맞이 조곡동 한마당 행사,-,조곡동 행정복지센터 일원,2022-09-10,2022-09-10,옛날놀이(제기차기+딱지치기) 체험+ 주민 장기자랑,061-749-8389,,전라남도 순천시 자경1길 13,,,
옥천군 평생학습 어울림 축제,-,옥천군 평생학습원 일원,2022-09-10,2022-09-10,평생학습 동아리 공연+전시+체험+프리마켓 등,043-730-3606,http://www.oc.go.kr/edulife/index.do,충청북도 옥천군 옥천읍 관성로4길 10,충청북도 옥천군 옥천읍 문정리 366,36.30042417,127.5749213
옥천군민도서관 북페스티벌,-,옥천군 평생학습원 일원,2022-09-10,2022-09-10,9월 독서의달 기념행사+체험+특강 등,043-730-3613,http://lib.oc.go.kr,충청북도 옥천군 옥천읍 관성로4길 10,충청북도 옥천군 옥천읍 문정리 366,36.30042417,127.5749213
정선아리랑제,-,강원도 정선군 정선읍 아라리공원,2022-09-15,2022-09-18,강원도 무형문화재 제1호인 정선아리랑의 전승보존 및 계승,033-563-2646,www.arirangfestival.kr,강원도 정선군 정선읍 봉양3길 17,강원도 정선군 정선읍 봉양리 253-1,37.38024298,128.6602287
장성탄탄축제활기찬동행,-,탄탄마을 일원,2022-09-15,2022-09-30,퍼레이드+ 공연+ 체험행사+ 부스 운영 등,033-550-3860,http://tbcf.or.kr/,강원도 태백시 장성1길 171,강원도 태백시장성동 169-1,37.10051315,129.0082172
대청호대덕뮤직패스티벌,-,대청공원 일원,2022-09-16,2022-09-18,전국청소년 가요제+뮤직페스티벌 등,042-608-6732,,대전광역시 대덕구 대청로 607,대전광역시 대덕구 미호동 57-1,36.47362538,127.4735679
생태캠핑 페스티벌,-,대청공원 서편,2022-09-16,2022-09-16,생태 속에서 즐기는 음악 캠핑,042-608-6735,,대전광역시 대덕구 대청로 607,대전광역시 대덕구 미호동 57-1,36.47362538,127.4735679
불갑산상사화축제,-,불갑면,2022-09-16,2022-09-25,문화축제,061-350-5752,http://상사화축제.com,전라남도 영광군 불갑면 불갑사로 450,전라남도 영광군 불갑면 모악리 8,35.19967508,126.5500476
2022년 과천축제,-,과천시 일원,2022-09-16,2022-09-18,시민주도형 예술축제,02-2009-9732,http://www.gcfest.or.kr,경기도 과천시 통영로 5 (과천시민회관 2층),경기도 과천시 중앙동 6-2,37.42819137,126.9891538
전국청소년댄스페스티벌 꿈을 향한 무승부,-,의정부시청소년수련관,2022-09-17,2022-09-17,퍼포먼스 댄스경연대회 및 축하공연 등,031-828-9544,http://www.uiyouth.or.kr,경기도 의정부시 의정로 27,경기도 의정부시 의정부동 352,37.73517724,127.0338894
제23회음성품바축제,-,설성공원일원,2022-09-21,2022-09-25,글로벌품바래퍼경연대회+ 품바라이브 등 공연 및 체험,043-873-2241,http://www.pumba21.com/,충청북도 음성군 음성읍 예술로 102,충청북도 음성군 음성읍 읍내리 366-17,36.93152313,127.6806296
천안흥타령춤축제,-,삼거리공원,2022-09-21,2022-09-25,춤경연대회(전국춤경연대회+국제춤 대회+거리퍼레이드 등)+전시홍보 부스운영(중소기업제품판매+천안 농산물 홍보 및 체험한마당 등)+부대체험행사,041-900-7020,,충청남도 천안시 서북구 번영로 208,,,
제10회 의정부국제가야금축제,-,의정부예술의전당,2022-09-22,2022-09-24,가야금문화 전승 및 경연대회,031-850-5142,http://www.uac.or.kr,경기도 의정부시 의정로 1,경기도 의정부시 의정부동 323,37.733386,127.034128
2022 안양시민축제 <우선멈춤>,-,평촌중앙공원+삼덕공원,2022-09-23,2022-09-25,시민과 함께하는 K-POP 댄스 페스티벌,031-687-0500,http://www.ayac.or.kr,경기도 안양시 동안구 관평로 149 (평촌동),경기도 안양시 동안구 평촌동 895,37.39013727,126.9613302
하동 북천코스모스 메밀꽃 축제,-,하동군 북천면 직전리 꽃단지 일원,2022-09-23,2022-10-02,매년 9월~10월 메밀꽃과 코스모스의 환상적인 향연이 열리며 경관보전직불제 사업과 연계하여 농촌경관을 활용하는 농촌체험관광형 축제로 농촌 부가가치 제고와 지역경제 활성화에 기여하고 있다,055-880-6331,https://www.hadong.go.kr/02641/02652/02814.web,경상남도 하동군 북천면 경서대로 2446-6,,,
김삿갓문화제,-,김삿갓유적지 일원,2022-09-23,2022-09-25,조선시대영월과거대전+백일장+김삿갓해학의길걷기,033-375-6353,http://www.ywcf.com/,강원도 영월군 김삿갓면 김삿갓로 216-22,강원도 영월군 김삿갓면 와석리 913,37.07949201,128.6017366
명량대첩축제,-,녹진관광지 일원,2022-09-23,2022-09-25,해전재현+출정식+만가행진+부대행사 등,1588-9601,http://www.mldc.kr/web/,전라남도 진도군 군내면 진도대로 8439-19,전라남도 진도군 군내면 녹진리 산5-10,34.57125609,126.2996968
평택호물빛축제,-,평택호관광단지일원,2022-09-23,2022-09-24,불꽃놀이+공연+체험+먹거리,031-8053-3544,https://www.pccf.or.kr/,경기도 평택시 현덕면 평택호길 159,경기도 평택시 현덕면 권관리 301-1,36.92144157,126.9222259
동해무릉제,-,천곡로타리 일원,2022-09-23,2022-09-25,개막식+퍼레이드+공연행사+체험행사+동대항 민속경기+민속예술시연,033-530-2111,http://www.dh.go.kr/tour/sub.htm?nav_code=tou1497764548,강원도 동해시 중앙로250 (천곡동),강원도 동해시 천곡동 1090-19,37.5230127,129.1143227
2022 수원화성 미디어아트쇼,-,화홍문~남수문 일원,2022-09-23,2022-10-22,수원화성 대표 건축물에 프로젝션 맵핑/인터렉티브 미디어아트/레이저 등 디지털 미디어 기술을 활용한 미디어아트쇼,031-228-2367,https://www.swcf.or.kr/shcf/,,경기도 수원시 팔달구 장안동 332,37.28708255,127.0121838
태백 황지연못 황부자며느리 축제,-,황지연못 일대 등,2022-09-23,2022-09-25,마당극+ 걷기행사+ 가요제+ 야시장,033-550-3982,http://tbcf.or.kr/,강원도 태백시 장성1길 171,강원도 태백시장성동 169-1,37.10051315,129.0082172
명량대첩축제,-,우수영 일원,2022-09-23,2022-09-25,출정식+해전재현+공군에어쇼+조선수군재건+이순신리더십캠프 등,061-530-5158,www.mldc.kr,전라남도 해남군 문내면 관광레저로 12,,,
2022 대한민국 독서대전,-,댄싱공연장 일원 등,2022-09-23,2022-09-25,학술토론+ 전시체험 등,033-737-3817,,강원도 원주시 단구로 170,강원도 원주시 명륜동 345,37.33642953,127.9462614
광양전어축제,-,진월면 망덕포구 일원,2022-09-23,2022-09-25,공연+경연+체험+전시+판매+부대행사,061-797-3679,http://www.gwangyang.go.kr/tour_culture,전라남도 광양시 진월면 망덕길 265,전라남도 광양시 진월면 망덕리 12-1,34.97164706,127.7587907
광주시 남한산성문화제,-,남한산성도립공원,2022-09-23,2022-09-25,남한산성문화제,031-760-1724,,경기도 광주시 남한산성면 남한산성로 731,경기도 광주시 남한산성면 산성리 158-1,37.47669762,127.188418
제17회 시흥갯골축제,-,온라인+ 오프라인,2022-09-23,2022-09-25,시흥갯골 축제(세상에서 가장 큰 생태예술놀이터),031-310-2916,,경기도 시흥시 동서로 287,경기도 시흥시 장곡동 724-32,37.38979099,126.7812554
제23회 정동진독립영화제,-,정동초등학교 운동장,2022-09-23,2022-09-26,야외 독립영화제(슬로건: 별이 지는 하늘 영화가 뜨는 바다),033-645-7415,http://jiff.kr,강원도 강릉시 강동면 헌화로 1055,강원도 강릉시 강동면 정동진리 184,37.68735318,129.0336174
구로G페스티벌,-,서울특별시 구로구 안양천,2022-09-23,2022-09-25,구민이 주체가 되어 자발적으로 참여하는 구로구민을 위한 비대면 축제,02-860-2282,www.gfestival.co.kr,서울특별시 구로구 가마산로 245,서울특별시 구로구 구로동 435,37.49551123,126.8882891
여수여자만갯벌노을체험행사,-,소라면 해넘이길 일원(사곡),2022-09-24,2022-09-25,대나무망둥어낚시+개매기+바지락캐기+맨손고기잡이+가족사랑걷기체험+노을가요제,061-659-4742,,전라남도 여수시 소라면 서부로 785-24,전라남도 여수시 소라면 서부로 785-24,34.7902433,127.5679754
의왕백운호수축제,-,백운호수 공영주차장,2022-09-24,2022-09-25,공연+개폐막식+시민참여 열린무대,031-345-2548,https://www.uiwang.go.kr,경기도 의왕시 백운로 526,,37.38321565,127.000756
동춘당문화제,-,동춘당역사공원 일원,2022-09-24,2022-09-24,문정공시호봉송행렬 등,042-608-6573,,대전광역시 대덕구 동춘당로 80 (동춘당),,36.36537889,127.4412933
마토예술제<K-Play>,-,안정리예술인광장 일대,2022-09-24,2022-09-24,한국전통놀이+체험+공연,031-692-9110,https://www.pccf.or.kr/,경기도 평택시 팽성읍 안정쇼핑로11,경기도 평택시 팽성읍 안정리113-1,36.95955991,127.0439994
제33회 정읍사문화제,-,정읍사문화공원 일원,2022-09-24,2022-09-25,기념행사+공연행사+부대행사+체험행사,063-539-5173,http://www.jchf.or.kr,전라북도 정읍시 정읍사로 541,전라북도 정읍시 시기동 69-12,35.55073195,126.8615755
금호강 바람소리길축제,-,산격대교 하단,2022-09-24,2022-09-25,수상프로그램+ 체험+ 공연 등,053-665-2172,,,대구광역시 북구 산격동 1477-1,35.90892344,128.6033802
(미정)2022 양주 천만송이 천일홍 축제,-,나리농원 일원,2022-09-24,2022-09-25,지역축제,031-8082-5655,https://www.yangju.go.kr/festival/index.do,경기도 양주시 광사로 131-66,경기도 양주시 광사동 731,37.785795,127.081833
의정부혁신교육지구시즌Ⅲ 학생주도동아리지원사업 지니어스 마을연합축제,-,의정부시청소년수련관,2022-09-24,2022-09-24,마을 내 학생주도동아리 교류 축제,031-820-0267,http://www.uiyouth.or.kr,경기도 의정부시 의정로27,경기도 의정부시 의정부동 352,37.73517724,127.0338894
청소년 종합예술제 끼자랑꿈자랑 한마당 축제,-,의정부시청소년수련관,2022-09-24,2022-09-24,청소년 종합예술제 우수 청소년 공연마당,031-828-9542,http://www.uiyouth.or.kr,경기도 의정부시 의정로 27,경기도 의정부시 의정부동 352,37.73517724,127.0338894
월곶 저잣거리 축제,-,월곶면 군하리 일원,2022-09-24,2022-09-24,문화행사+ 주막거리 재현+ 교육 프로그램 등,031-5186-4033,,,경기도 김포시 월곶면 군하리,,
양평부추축제,-,양동역일대,2022-09-24,2022-09-25,양평 부추축제는 양동면의 특산품인 부추로 다양한 음식과 더불어 을미의병 발상지로서 의병출정식 등 행사도 볼수 있다.,031-774-2583,,경기도 양평군 양동면 양동역길 19,경기도 양평군 양동면 쌍학리 223-2,37.42030404,127.7544833
바다의 별 문화축제,-,인천천주교구청+송도아트센터,2022-09-27,2022-10-30,천주교인천교구 61주년 기념전시회+ 이승훈 역사문화체험관 건립기념 음악회,,,인천광역시 중구 흰바위로 14+ 인천광역시 연수구 아트센터대로 222,,,
원주다이내믹댄싱카니발,-,댄싱공연장 및 원일로 일원,2022-09-28,2022-10-03,댄싱경연+ 문화예술공연+ 각종 체험 등,033-737-5132,,강원도 원주시 단구로 170,강원도 원주시 명륜동 345,37.33642953,127.9462614
지용제,-,정지용생가 및 구읍일원,2022-09-29,2022-10-02,유튜브 및 공식홈페이지 등을 활용한 온라인 병행 지용문학상 시상 등 문학프로그램 운영 등,043-733-5588,http://gy-festival.okcc.or.kr,충청북도 옥천군 옥천읍 관성로 35,충청북도 옥천군 옥천읍 문정리 476,36.30209032,127.5731251
제15회 정읍 구절초꽃축제,-,정읍 구절초 테마공원,2022-09-29,2022-10-16,구절초꽃길산책+꽃밭음악회,063-539-6172,http://www.jeongeup.go.kr/culture,전라북도 정읍시 산내면 청정로 926-65,전라북도 정읍시 산내면 매죽리 617,35.55427272,127.0188952
2022 부평풍물대축제,-,부평대로+캠프마켓 등,2022-09-30,2022-10-02,전통+창작+가족 공연+개막 및 폐막 공연+작품전시 등,032-509-7516,https://portal.icbp.go.kr/bpf/,인천광역시 부평구 신트리로 21,인천광역시 부평구 부평동 880,37.506554,126.7236393
완주와일드&로컬푸드축제,-,고산자연휴양림+완주군일원,2022-09-30,2022-10-02,완주의 자연·생태문화가 지닌 야생성과 로컬푸드1번지 건강한 먹거리를 알리는 지역 대표축제,063-290-2622,http://wildfoodfestival.kr,전라북도 완주군 고산면 고산휴양림로 89,전라북도 완주군 고산면 오산리 790,35.97398096,127.2315514
제39회 순천팔마문화제,-,순천부 읍성 남문터 광장 및 문화의 거리 일원,2022-09-30,2022-09-30,개막식+ 개막공연 및 전시,061-749-6802,,전라남도 순천시 중앙로 93,,,
대청호가그린영화제,-,대청공원 일원,2022-09-30,2022-10-02,개·폐막식(시상식 포함)+후보작상영회 등,042-608-6732,,대전광역시 대덕구 대청로 607,,36.47362538,127.4735679
안동국제탈춤축제,-,안동탈춤공원+ 시내일원+ 하회마을 외,2022-09-30,2022-10-09,탈춤공연+ 경연대회+ 대동난장 등,054-840-3400,www.maskdance.com,경상북도 안동시 육사로 239(운흥동),,36.56050653,128.7306335
봉화송이축제,-,봉화읍 내성천 일원,2022-09-30,2022-10-03,송이채취+시식회 등,054-674-3053,https://bhftf.co.kr:8091/,,경북 봉화군 봉화읍 내성리 506,36.8888791,128.7378251
횡성한우축제,-,횡성종합운동장,2022-09-30,2022-10-04,한우구이터+횡성한우 발전포럼+횡성빛축제 등,033-340-5712,http://www.happyhanwoofestival.com/,강원도 횡성군 횡성읍 문화체육로 57,강원도 횡성군 횡성읍 북천리 184,37.49608715,127.9891498
제24회 단양온달문화축제,-,영춘면 온달관광지 및 단양읍 일원,2022-09-30,2022-10-02,제24회 단양온달문화축제,043-420-2552,https://www.danyang.go.kr/ondal,충청북도 단양군 영춘면 온달로 23,충청북도 단양군 영춘면 하리 147,37.06295564,128.4929221
청원생명축제,-,오창읍 미래지 농촌테마공원,2022-09-30,2022-10-10,청주시 친환경 농축산물 한마당,043-201-0253,https://www.cheongju.go.kr/bio/index.do,충청북도 청주시 청원구 오창읍 미래지로 99,충청북도 청주시 청원구 오창읍 322-5,,
원주삼토페스티벌,-,댄싱공연장 일원,2022-09-30,2022-10-03,농촌문화체험+ 지역먹거리 판매 등,033-737-4155,,강원도 원주시 단구로 170,강원도 원주시 명륜동 345,37.33642953,127.9462614
금산인삼축제,-,금산인삼관 광장 및 인삼약초시장 일원,2022-09-30,2022-10-10,ㅇ인삼캐기 체험+인삼약초체험+생활건강 체험 등 건강 체험관 운영+국제인삼교역전+인삼생활관+축제 40주년 기념 금산인삼 시대별 콘텐츠 구성 응답하라 1981 등,041-750-4144,http://www.insamfestival.co.kr/,충청남도 금산군 금산읍 인삼광장로 30,충청남도 금산군 금산읍 신대리 392,36.1000256,127.5007304
울산옹기축제,-,울주군 외고산 옹기마을 일원,2022-09-30,2022-10-03,웰컴투옹기마을(옹기주제전시+ 창작공연+ 옹기토크+ 옹기테마거리 등),052-204-0355,https://www.onggi.or.kr,울산광역시 울주군 온양읍 외고산 3길 36,울산광역시 울주군 온양읍 고산리 501-18,35.435069,129.2795088
강진청자축제,-,대구면 고려청자요지 일원,2022-09-30,2022-10-06,1000년전 청자문화를 꽃피웠던 청자의 고장 강진에서 도자예술 체험으로 강진청자의 아름다움과 섬세함을 느껴볼 수 있는 가을축제,061-430-3352,http://www.gangjin.go.kr/culture/,전라남도 강진군 대구면 청자촌길 33,전라남도 강진군 대구면 사당리 127,34.50866041,126.8008375
2022 고양호수예술축제,-,고양시 일산호수공원 및인근거리,2022-09-30,2022-10-03,국내외 거리예술공연 및 시민참여프로그램,031-960-9684,http://www.gylaf.kr,경기도 고양시 일산동구 호수로 595,경기도 고양시 일산동구 장항동 906,37.65384593,126.7687814
서편제보성소리축제,-,보성문화예술회관 일원,2022-09-30,2022-10-02,판소리+고수 경연 대회,,,전라남도 보성군 보성읍 송재로 281-9,,,
황룡강 노란꽃잔치,-,황룡강변 일원,2022-10-01,2022-10-10,공연+체험+판매행사 등,061-390-7242,https://www.jangseong.go.kr/home/tour_new/festival/festival_04/festival_04_04,,전라남도 장성군 장성읍 기산리 461-1,35.30951048,126.7815062
축령산 편백산소축제,-,축령산 조림성공지,2022-10-01,2022-10-01,공연+체험+판매행사 등,061-390-7242,https://www.jangseong.go.kr/home/tour_new/festival/festival_04/festival_04_03,,전라남도 장성군 서삼면 모암리 569-5,35.37389043,126.7564871
순천웹툰페스티벌,-,순천글로벌웹툰센터,2022-10-01,2022-10-31,전시회+ 공연+ 시상식+ 체험행사+ 부스 운영 등,061-749-4198,,전라남도 순천시 시민로 29,,,
구민화합대잔치,-,대청공원 동편광장,2022-10-01,2022-10-01,체육경기+골든벨퀴즈+화합공연 등,042-608-6593,,,대전광역시 대덕구 미호동 43,36.47378332,127.476024
백제문화제,-,구드래+관북리유적 등 부여군일원,2022-10-01,2022-10-10,제례·불전+행렬+전시·체험+공연+경연 등,041-830-2209,www.baekje.org/kor/,충청남도 부여군 부여읍 백강로 148,충청남도 부여군 부여읍 구교리 17-4,36.28718846,126.9068136
제22회소래포구축제,-,인천 남동구 소래포구 일원,2022-10-01,2022-10-03,관광축제,032-453-2142,www.namdong.go.kr/soraefestival,인천광역시 남동구 아암대로 1454,인천광역시 남동구 논현동 775,37.38725249,126.7269798
진도문화예술제,-,향토문화회관 및 철마공원 일원,2022-10-01,2022-10-31,남도민요전국경창대회+전국고수대회+강강술래경연대회 등,061-540-3072,https://www.jindo.go.kr/tour/tour/info/festival.cs?act=view&infoId=99&searchCondition=&searchKeyword=&pageIndex=1,전라남도 진도군 진도읍 진도대로 7197,전라남도 진도군 진도읍 동외리 1189,34.47975717,126.2685772
제9회 노을동요제,-,평택남부문예회관 대공연장,2022-10-01,2022-10-01,공연+경연대회,031-8053-3542,http://www.noel.or.kr/,경기도 평택시 중앙로 277,경기도 평택시 비전동 847,36.991134,127.114086
INK 콘서트,-,인천문학경기장 주경기장,2022-10-01,2022-10-01,국내 정상급 K-POP 아티스트의 온.오프라인 콘서트,,,인천광역시 연수구 센트럴로 123(송도동),,,
삼랑성 역사문화축제,-,강화 전등사 경내,2022-10-01,2022-10-30,다례재+영산대제+가을음악회 등,,,인천광역시 강화군 길상면 전등사로 37-41,,,
문경오미자축제,-,문경동로초등학교일원,2022-10-01,2022-10-31,문경오미자 홍보,054-571-7677,http://www.mg5mija.or.kr/,경상북도 문경시 동로면 노은2길 4,경상북도 문경시 동로면 노은리 155-2,36.7715572,128.3153048
부산국제록페스티벌,-,삼락생태공원,2022-10-01,2022-10-02,록밴드 초청공연 등,051-888-5221,http://www.bfo.or.kr/main/index.asp,부산광역시 사상구 낙동대로 1231,부산광역시 사상구 삼락동 617-3,35.17001086,128.9765693
2022 인제에서 꽃길만 걷자,-,용대관광지 일원,2022-10-01,2022-10-31,가을꽃축제,1577-8924,http://www.injeart.or.kr/?p=59,강원도 인제군 인제읍 비봉로 44번길 100,,38.06067536,128.1649706
김포 도심축제,-,라베니체 수변상가 일원,2022-10-01,2022-10-09,점등식+ 경관조명 전시,031-5186-4033,,경기도 김포시 김포한강2로24번길 29,경기도 김포시 장기동 2001-1,37.643506,126.676558
2022 김포 평화누리길 걷기 행사,-,평화누리길(김포 구간),2022-10-01,2022-10-09,걷기 프로그램+ 부대행사 등,031-956-8319,,,경기도 김포시 대곶면 대명리 551-19,37.64048159,126.5409612
영천보현산별빛축제,-,보현산천문과학관 일원,2022-10-01,2022-10-03,천문+ 우주+ 과학 관련 온오프라인 콘텐츠 운영+ 천문학 강의+ 스타파티+ 각종 참여 프로그램 등,054-330-6702,https://www.yc.go.kr/toursub/star/,경상북도 영천시 화북면 별빛로 681-32,경상북도 영천시 화북면 정각리 689,36.1402561,128.9964736
원주그림책축제,-,원주복합문화커뮤니티센터,2022-10-01,2022-10-31,세미나+ 체험부스 운영 등,033-760-9802,,강원도 원주시 탑두둑길 45-2,강원도 원주시 명륜동 147-8,37.34181915,127.9505842
황매산 억새 축제,-,황매산군립공원,2022-10-01,2022-10-31,황매산 억새를 즐기는 축제,055-930-4758,http://www.hwangmaesan.kr,경상남도 합천군 가회면 황매산공원길 4,경상남도 합천군 가회면 둔내리 1319,35.48184913,128.0037495
합천기록문화축제,-,대장경테마파크,2022-10-01,2022-10-31,기록문화와 화려한 공연등이 준비된 축제,055-930-4697,https://www.hc.go.kr/06573/08250.web,경상남도 합천군 가야면 가야산로 1160,경상남도 합천군 가야면 야천리 943,35.76749785,128.1365362
2022 세계유산축전 수원화성,-,수원화성 일원,2022-10-01,2022-10-22,세계유산의 가치를 향유 및 확산하기 위해 세계기록유산인 의궤와 세계문화유산인 수원화성을 활용한 공연 및 프로그램 등 행사 운영,031-228-2415,https://www.swcf.or.kr/shcf/,경기도 수원시 팔달구 정조로 825,경기도 수원시 팔달구 남창동 6-2,37.28188256,127.0143944
철암 단풍축제,-,철암초등학교 앞 단풍군락지 일원,2022-10-01,2022-10-28,단풍길 걷기대회+ 전시회+ 먹거리 포장 판매 등,033-550-3825,http://tbcf.or.kr/,강원도 태백시 장성1길 171,강원도 태백시장성동 169-1,37.10051315,129.0082172
치악산한우축제,-,댄싱공연장 주차장,2022-10-01,2022-10-31,지역 한우 판매 등,033-737-4195,,강원도 원주시 단구로 170,강원도 원주시 명륜동 345,37.33642953,127.9462614
제27회 대덕제 대구앞산축제(예정),-,대구앞산빨래터공원+앞산맛둘레길일대,2022-10-01,2022-10-02,앞산을 배경으로 다양한 체험프로그램과 문화예술 공연이 있는 주민화합 축제,053-664-3262,,대구광역시 남구 앞산순환로 351-17,대구광역시 남구 대명동 1550-39,35.831799,128.5645966
화순적벽문화축제,-,이서 커뮤니티센터+화순적벽 망향정 일원,2022-10-01,2022-11-01,풍류놀이체험+사물놀이+불꽃축제+음악회+마술쇼+버스킹,061-379-5090,,전라남도 화순군 이서면 백아로 3114,전라남도 화순군 야사리 197,35.11074937,127.0794219
제10회 부산진구 북페스티벌,-,부산시민공원 일대,2022-10-01,2022-10-02,개막식(공연)+ 체험부스+ 도서 전시 및 열람 등,051-605-6271,https://www.busanjin.go.kr/index.busanjin?menuCd=DOM_000001003003005000,부산광역시 부산진구 시민공원로30 (범전동),부산광역시 부산진구 부암동 666-16,35.16283064,129.053188
영주무섬외나무다리축제,-,영주시 무섬마을 일원,2022-10-01,2022-10-02,이벤트+체험행사 등 무섬마을 홍보,054-630-8707,http://yeongjufestival.or.kr/,,경상북도 영주시 문수면 수도리 268,36.732962,128.621224
굿모닝양림축제,-,양림동 일원,2022-10-01,2022-10-31,문화인물전시+공연+인문학 강의+체험행사,062-607-2312,www.gossaum.com,광주광역시 남구 백서로 92-8,광주광역시 남구 양림동 48,35.14019141,126.9163647
단기4355년 개천절 대제전,-,사직동 단군성전,2022-10-03,2022-10-03,국조 단군의 개국을 기념하는 전통제례 봉행 및 부대행사,02-736-6375,http://blog.naver.com/lgb301,서울특별시 종로구 인왕산로 22,,37.5758942,126.9658016
태백제,-,태백산+ 태백문화광장+ 황지연못 일원,2022-10-03,2022-10-05,제례 행사+ 전시+ 체험+ 공연 등,033-550-2219,http://tbcf.or.kr/,강원도 태백시 장성1길 171,강원도 태백시장성동 169-1,37.10051315,129.0082172
부산국제영화제 전야제,-,BIFF광장일원,2022-10-04,2022-10-04,축하공연,051-709-2091,https://www.biff.kr,부산광역시 중구 비프광장로 36,부산광역시 중구 남포동5가 18-1,35.09862035,129.0287588
2022 음성명작페스티벌,-,금빛근린공원,2022-10-05,2022-10-09,명작대동놀이+ 명작장터+ 음성명작 모창가요제 등 공연 및 체험,043-871-3692,http://www.esmjf.com,충청북도 음성군 금왕읍 무극로244번길 16-21,충청북도 음성군 금왕읍 무극리 519-4,36.98976955,127.5882186
강릉커피축제,-,강릉대도호부 관아지 등,2022-10-06,2022-10-09,커피경연대회(바리스타+ 핸드드립+ 커핑+ 마카롱) + 커피체험(로스팅+ 추출+ 커핑+ 공예품 등)+ 전시+ 공연 등,033-647-6802,http://www.coffeefestival.net,강원도 강릉시 임영로131번길 6 (용강동),강원도 강릉시 용강동 58-1,37.75294455,128.8919029
제53회 영동난계국악축제,-,레인보우힐링관광지,2022-10-06,2022-10-09,퍼레이드+숭모제+국악기체험 등,043-745-8916,,충청북도 영동군 영동읍 동정로 1,,,
제11회 대한민국와인축제,-,레인보우힐링관광지,2022-10-06,2022-10-09,와인시음판매장+공연 등,043-745-8916,,충청북도 영동군 영동읍 동정로 1,,,
임실N치즈축제,-,임실치즈테마파크+임실치즈마을,2022-10-07,2022-10-10,국가대표 왕치즈피자 만들기+우유드림 행복드림 퍼레이드+임실N치즈페어+치즈경매,063-643-3900,www.imsilfestival.com,전라북도 임실군 성수면 도인2길 50,전라북도 임실군 성수면 도인리 689,35.63310329,127.3012599
평택한가락페스타,-,소사벌레포츠타운,2022-10-07,2022-10-08,공연+체험+전시,031-8053-3542,https://www.pccf.or.kr/,경기도 평택시 평남로 616,경기도 평택시 합정동 392,36.987565,127.106511
서산해미읍성축제,-,해미읍성,2022-10-07,2022-10-09,전통문화 공연 및 체험 등,041-660-2228,https://www.seosan.go.kr/tour/index.do,충청남도 서산시 해미면 남문2로 143,,,
제43회 생거진천 문화축제,-,미정,2022-10-07,2022-10-09,문화예술공연+민속경기+군민 가요제+각종 체험프로그램,043-539-3603,http://www.jincheon.go.kr,충청북도 진천군 진천읍 백사천길 17,충청북도 진천군 진천읍 읍내리 209-9,36.86152209,127.4420392
2022년 외솔한글한마당,-,외솔기념관 및 중구 원도심 일원,2022-10-07,2022-10-09,한글을 주제로 한 전시+체험+경연+공연,052-290-3642,,울산광역시 중구 시계탑거리 4,,,
안흥찐빵축제,-,안흥찐빵모락모락마을 일원,2022-10-07,2022-10-09,안흥찐빵 시식 및 홍보+농경문화 체험+먹거리장터운영 등,033-340-2742,,강원도 횡성군 안흥면 주천강로 1868,강원도 횡성군 안흥면 안흥리 1063,37.40978635,128.1554843
연천구석기축제,-,연천전곡리유적,2022-10-07,2022-10-10,선사문화체험+전시+이벤트,031-839-2378,https://www.yeoncheon.go.kr/festival/,경기도 연천군 전곡읍 양연로 1510,경기도 연천군 전곡읍 전곡리 515,38.01564838,127.0614526
연천거리문화축제,-,전곡전통시장,2022-10-07,2022-10-10,7080 레트로 거리+체험+공연 1식,031-839-2378,https://www.instagram.com/yeoncheon_festival,경기도 연천군 전곡읍 은전로78번길 3,경기도 연천군 전곡읍 전곡리 459-18,38.02819949,127.0685629
세종대왕과 초정약수 축제,-,내수초정문화공원,2022-10-07,2022-10-09,초정약수 관련,043-201-1793,,충청북도 청주시 청원구 내수읍 초정약수로 851,충청북도 청주시 청원구 내수읍 초정리 64-2,36.721607,127.601269
제59회 수원화성문화제,-,수원화성 일원,2022-10-07,2022-10-09,정조대왕의 효심과 부국강병의 원대한 꿈으로 축성된 세계문화유산 수원화성에서 펼쳐지는 3일간의 행사,031-228-3068,https://www.swcf.or.kr/shcf/,경기도 수원시 팔달구 정조로 825,경기도 수원시 팔달구 남창동 6-2,37.28188256,127.0143944
흥부제,-,사랑의 광장 일원+아영면 성리 흥부묘+인월면,2022-10-07,2022-10-09,흥부마을터울림+ 다양한 공연 및 홍보 등,063-620-5772,http://www.namwon.go.kr/tour/index.do,전라북도 남원시 양림길 12,전라북도 남원시 어현동 37-19,35.40248095,127.3861268
선사문화체험축제,-,한샘청동공원,2022-10-07,2022-10-08,선사테마축제 및 체험프로그램 운영 등,053-667-2194,http://artko16.netto.kr/,대구광역시 달서구 월암로 23,대구광역시 달서구 대천동 353-5,35.82034773,128.5192255
광양숯불구이축제,-,광양읍 서천변 일원,2022-10-07,2022-10-09,공연+경연+체험+전시+판매+부대행사,061-797-4903,http://www.gwangyang.go.kr/tour_culture,전라남도 광양시 광양읍 남등길 6,전라남도 광양시 광양읍 칠성리 946,34.9733415,127.5810489
가야문화축제,-,수릉원+대성동 고분군+가야의거리 일원,2022-10-07,2022-10-10,공식+민속+축제+체험+설치+부대 연계행사,055-330-3944,http://www.gcfkorea.com,경상남도 김해시 가야의길 126,경상남도 김해시 대성동 434,35.23606039,128.8730826
제17회 광릉숲축제,-,남양주시 광릉숲 일원,2022-10-08,2022-10-09,광릉 숲 개방 및 환경 친화적 체험프로그램 등 운영,031-590-4786,,경기도 남양주시 진접읍 봉선사길 32,경기도 남양주시 진접읍 부평리 255,37.7463984,127.1836293
코리아드라마페스티벌,-,경남문화예술회관+ 장대동 남강둔치 일원,2022-10-08,2022-11-03,코리아드라마어워즈+ KDF콘서트+ 드라마영상국제포럼+ 부대행사 등,055-755-2363,http://www.kdfo.org,경상남도 진주시 강남로275+ 4층,경상남도 진주시 칠암동 496-2,35.18839494,128.0869247
추억의 충장축제(버스커즈 월드컵 in 광주),-,광주 동구 충장로+ 금남로 등 광주 일원,2022-10-08,2022-10-17,토너먼트 방식(온라인 예선을 거쳐 본선 진행)의 버스킹 공연,062-608-4683,http://www.buskersworldcup.com/kor/,광주광역시 동구 서남로 1(동구청),광주광역시 동구 서석동 31,35.1461414,126.9230951
섬마을밴드 음악축제,-,대이작도 해양생태관 야외무대,2022-10-08,2022-10-08,섬마을 음악동호회 공연,,,인천광역시 옹진군 자월면 대이작로159번길,,,
강동선사문화축제,-,서울 암사동 유적,2022-10-08,2022-10-09,신석기시대 체험 축제,02-3425-5246,http://culture.gangdong.go.kr,서울특별시 강동구 올림픽로 875 (암사동),서울특별시 강동구 암사동 139-2,37.55985381,127.1308316
천령문화제,-,함양상림공원일원,2022-10-08,2022-10-12,고유제+축하공연+버스킹공연+학술대회+야간 빛축제+문화예술단체 전시,055-963-7785,,,경상남도 함양군 함양읍 교산리 1047-2,35.52372642,127.7218597
2022 진안홍삼축제,-,마이산 북부일원,2022-10-08,2022-10-10,홍삼판매 및 문화공연,063-430-2392,https://www.jinan.go.kr/festival/,전라북도 진안군 진안읍 마이산로 160,전라북도 진안군 진안읍 단양리 778-3,35.773251,127.4162559
2022 종로한복축제,-,종로구 일대,2022-10-08,2022-10-09,한복을 중심으로 한 전통행사,02-2148-1803,https://jongnohanbok.kr/site/main/home,서울특별시 종로구 새문안로3길 3+ 6층,서울특별시 종로구 신문로1가 58-15,37.570671,126.9723944
2022 정조대왕 능행차 공동재현,-,서울 창덕궁~수원화성~화성 융릉),2022-10-08,2022-10-09,1795년 정조대왕의 을묘년 원행을 완벽하게 재현하는 국내 최대 퍼레이드,031-228-2367,https://www.swcf.or.kr/shcf/,경기도 수원시 팔달구 정조로 825,경기도 수원시 팔달구 남창동 6-2,37.28188256,127.0143944
천안호두축제,-,광덕쉼터,2022-10-08,2022-10-09,천안호두 드라이브스루 판매 및 홍보영상제작,041-521-4701,,충청남도 천안시 동남구 광덕면 광덕리 403,,,
종교연합바자회,-,서울특별시 강북구 한신대신학대학원,2022-10-08,2022-10-08,종교연합 바자회 기증물품 판매  문화공연  수익금전액 난치병어린이돕기 후원,02-901-6207,www.gangbuk.go.kr,서울특별시 강북구 인수봉로 159,서울특별시 강북구 수유동 498-16,37.6350142,127.0129382
진주남강유등축제,-,진주성 및 진주남강일원,2022-10-10,2022-10-31,개제식(초혼점등)+ 소망등 달기+ 추억의 유등띄우기+ 창작등 전시+ 진주성 둘레길등 전시+ 한국의 등·세계풍물등 전시 등,055-755-9111,http://www.yudeung.com,경상남도 진주시 강남로 291번길 10,경상남도 진주시 강남동 98,35.18725548,128.0855326
제49회 신라문화제,-,경주중심상가+경주예술의전당일원,2022-10-12,2022-10-16,비대면온라인운영(제레행사+공연행사+전시행사+학술행사등),054-760-2626,http://www.gyeongju.go.kr/sillafestival,경상북도 경주시 양정로 260,,35.85619961,129.2247246
영산강 서창들녁 억새축제,-,영산강(극락교~서창교 3.5km)일원,2022-10-13,2022-10-16,공식행사+ 걷기행사+ 생태환경콘서트+ 억새생태포토존+ 체험행사 등,062-350-4792,http://www.seogu.gwangju.kr/sgfesta,광주광역시 서구 서창둑길 377 (벽진동),광주광역시 서구 벽진동 505-1,35.13849504,126.8287602
추억의 충장축제,-,광주 동구 충장로+ 금남로+ 문화전당+ 예술의 거리 일원,2022-10-13,2022-10-17,충장월드퍼레이드+ 추억의 테마거리+ 추억의 가을 운동회+ 함게 추는 추억의 고고장 등,062-608-4673,http://www.donggu.kr/index.es?sid=c8,광주광역시 동구 서남로 1(동구청),광주광역시 동구 서석동 31,35.1461414,126.9230951
부산자갈치축제,-,자갈치시장 및 유라리광장 일원,2022-10-13,2022-10-16,개막식+길놀이+체험프로그램 등,051-243-9363,http://www.ejagalchi.com/,부산광역시 중구 자갈치해안로 52,부산광역시 중구 남포동4가 37-1,35.0966394,129.0305933
동래읍성역사축제,-,동래문화회관+읍성광장+온천장 일원,2022-10-14,2022-10-16,동래부사행차 길놀이+동래성 전투 뮤지컬+동래세가닥줄다리기+동래장터 체험 등,051-550-4094,https://www.dongnae.go.kr/festival/index.dongnae?contentsSid=169,부산광역시 동래구 문화로 80(명륜동),부산광역시 동래구 명륜동 137,35.21195069,129.090546
중봉충렬제,-,관성회관 및 안남면표충사,2022-10-14,2022-10-16,추모제례 및 학술세미나,043-733-5588,,충청북도 옥천군 옥천읍 관성로 35,충청북도 옥천군 옥천읍 문정리 476,36.30209032,127.5731251
순창장류축제,-,순창전통고추장민속마을 일원,2022-10-14,2022-10-16,문화공연+장류체험+전시+판매+주민참여 프로그램 등,063-652-9301,http://www.jangfestival.co.kr,전라북도 순창군 순창읍 민속마을길 6-3,전라북도 순창군 순창읍 백산리 265-4,35.36859967,127.1099773
영도다리축제,-,아미르공원+영도일원+영도다리축제유튜브채널,2022-10-14,2022-10-16,개막주제공연+축하공연+불꽃쇼+퍼레이드+체험행사 등,051-419-4064,http://www.yeongdo.go.kr/ydfestival.web,부산광역시 영도구 해양로 301번길 55,부산광역시 영도구 동삼동 1165,35.07714964,129.0820078
제15회 마포나루 새우젓축제,-,월드컵공원 평화의 광장 일원,2022-10-14,2022-10-16,유명산지 새우젓 판매,02-3153-8353,http://www.mapo.go.kr/site/maponarusf/home,서울특별시 마포구 월드컵로 243-60(성산동),서울특별시 마포구 성산동 390-1,,
보수동책방골목문화축제,-,보수동책방골목 및 문화관,2022-10-14,2022-10-15,책읽는마을 심포지엄+공연행사+체험 등,051-253-7220,http://www.bosubook.com/,부산광역시 중구 흑교로46번길 11,부산광역시 중구 보수동1가 119-6,35.10362715,129.0261809
2022 대전 서구힐링 아트페스티벌,-,보라매공원(서구청앞) 일원,2022-10-14,2022-10-16,아트마켓 등 6개분야 100여개 프로그램,042-288-2742,http://www.seogu.go.kr/sorg/content.do?mnucd=SGMENU0500242,대전광역시 서구 둔산서로 100,대전광역시 서구 둔산동 1544,36.35505601,127.3833576
2022 목포항구축제,-,목포항 및 삼학도 일원,2022-10-14,2022-10-16,퍼레이드+파시장터+공연+체험 등,061-270-8432,https://www.mokpo.go.kr/tour/festival,전라남도 목포시 삼학로92번길 6,,,
제20회광안리어방축제,-,수영구 광안리해변 일원,2022-10-14,2022-10-16,뮤지컬어방+경상좌수사행렬전시 등,051-610-4062,www.suyeong.go.kr/eobang,부산광역시 수영구 남천동로100,부산광역시 수영구 남천동148-15,35.14537016,129.1123694
2022 보은대추축제,-,온라인축제,2022-10-14,2022-10-31,대추 및 농특산물 전시판매+랜선 콘서트+유튜브 홈쇼핑,043-540-3393,http://www.boeunjujube.com/,,충청북도 보은군 보은읍 이평리 45,36.48970363,127.7297482
2022 보은대추축제,-,현장축제,2022-10-14,2022-10-23,대추 및 농특산물 전시판매+랜선 콘서트+유튜브 홈쇼핑,043-540-3393,http://www.boeunjujube.com/,,충청북도 보은군 보은읍 이평리 45,36.48970363,127.7297482
희망달서 큰잔치,-,달서아트센터,2022-10-14,2022-10-16,희망가득체험부스+다문화 어울림제+축하 콘서트 등,053-584-9711,http://www.dscf.or.kr,대구광역시 달서구 문화회관길 160(장기동),대구광역시 달서구 장기동 722-1,35.84342236,128.5228263
제3회 김홍도축제,-,화랑유원지,2022-10-14,2022-10-16,김홍도마을 재현+ 김홍도 마당극+ 사생대회 등,031-481-3059,https://tourinfo.ansan.go.kr/main.do,경기도 안산시 단원구 동산로 268,경기도 안산시 단원구 초지동 667,37.32507855,126.8099898
2022 관악강감찬축제,-,관악구 일대,2022-10-14,2022-10-16,강감찬 장군 출병식 및 전승행렬 거리 퍼레이드+ 고려마을 테마 체험부스+ 강감찬 장군 추모제향 등 다채로운 행사 진행,02-828-5762,https://ggcfest.com/,서울특별시 관악구 신원로 35,서울특별시 신림동 1638-1,37.48239144,126.9290234
예산장터삼국축제,-,예산전통시장내 백종원거리 일원,2022-10-14,2022-10-20,예산의 국화+ 국밥+ 국수의 맛과 멋을 찾아 예산장터로 떠나는 가을여행축제,041-339-7317,https://yesansamguk.kr/,충청남도 예산군 예산읍 천변로 160,충청남도 예산군 예산읍 대회리 233-4,36.67611933,126.8479256
제천의병제,-,자양영당 등,2022-10-15,2022-10-16,의병제,043-642-3646,http://www.jecheoncc.or.kr,충청북도 제천시 의림대로 125,충청북도 제천시 중앙로2가 26-1,37.13923321,128.210774
청소년 축제,-,청소년수련관,2022-10-15,2022-10-15,공연+체험부스 운영 등,043-730-4984,http://www.oc.go.kr/youth/index.do,충청북도 옥천군 옥천읍 동부로39,충청북도 옥천군 옥천읍 문정리 424-1,36.30665167,127.5767673
제5회 옥천군민의 날 기념행사,-,옥천체육센터,2022-10-15,2022-10-15,주민참여 및 축하가수 공연+군민대상 시상,043-730-3173,,충청북도 옥천군 옥천읍 동부로 39-1,충청북도 옥천군 옥천읍 동부로 39-1,36.3062659,127.5780119
여수밤바다 불꽃축제,-,이순신 광장 및 장군도 앞 해상,2022-10-15,2022-10-15,공연행사+불꽃쇼+불꽃사진콘테스트,061-659-4743,http://tour.yeosu.go.kr/ysff/,전라남도 여수시 중앙동 385-6번지,전라남도 여수시 중앙동 385-6번지,34.7388016,127.7362426
억새꽃 축제,-,산정호수+명성산 일대,2022-10-15,2022-11-20,작은버스킹+1년 후에 받는 편지 등,,,경기도 포천시 영북면 산정호수로411번길 89,,38.0688661,127.3221101
김호연재여성문화축제,-,동춘당역사공원 일원,2022-10-15,2022-10-15,문화공연 등,042-608-6574,,대전광역시 대덕구 동춘당로 80 (동춘당),,36.36537889,127.4412933
체험문화축제,-,예스파크,2022-10-15,2022-10-16,음식만들기+공예체험+스포츠 놀이체험,031-636-2723,http://www.2000green.com,경기도 이천시 신둔면 도자예술로5번길 109,경기도 이천시 신둔면 고척리 599-6,37.29309775,127.385686
평택 원평나루억새축제,-,원평나루,2022-10-15,2022-10-15,체험+공연+억새+노을+먹거리,031-8053-3544,http://평택억새축제.com/,경기도 평택시 평택동 230-2,경기도 평택시 평택동 230-2,36.98340148,127.080492
인천생활문화축제,-,인천아트플랫폼 일원,2022-10-15,2022-10-15,생활문화동아리 공연·체험·전시,,,인천광역시 중구 제물량로218번길 3,,,
제13회 독산성문화제,-,고인돌공원,2022-10-15,2022-10-16,독산성의 역사적 배경인 권율장군 지혜의 승전을 기념하는 오산시 대표문화제,031-379-9924,https://www.doksanseong.kr/,,경기도 오산시 금암동 520,37.172878,127.0474505
2022 경기인디뮤직페스티벌,-,백마도 + 아라마리나 일원,2022-10-15,2022-10-16,인디뮤지션 공연 및 부대행사,032-623-8032,,,경기도 고촌읍 신곡리 1051,37.609734,126.785629
제15회 파주개성인삼축제,-,임진각 광장,2022-10-15,2022-10-16,파주개성인삼 전시 및 판매+ 농특산물 홍보 및 판매+ 각종 공연 및 체험행사 등,031-940-5282,http://tour.paju.go.kr,경기도 파주시 임진각로177,경기도 파주시 문산읍 마정리 1325-1,37.88953876,126.7401859
세계거리춤축제,-,장한로,2022-10-16,2022-10-17,세계거리춤공연+ 주민참여무대+ 각종춤경연,02-3295-5561,,서울특별시 동대문구 천호대로405,서울특별시 동대문구 장안동472-3,37.56201359,127.0641794
제5회 구미전국농악경연대잔치,-,구미시,2022-10-17,2022-10-18,농악경연대회,054-457-1082,,경상북도 구미시 송정대로 89,,,
천안성환배축제,-,성환문화회관,2022-10-17,2022-10-28,성환배 판매장 운영(일자 변경 가능),041-581-1771,,충청남도 천안시 서북구 성환읍 성진로 15,,36.91253596,127.1366796
제14회 서울영등포국제초단편영화제,-,영등포구 일대(영등포아트홀 등),2022-10-18,2022-10-23,영화제,02-2670-3128,https://www.sesiff.org/,서울특별시 영등포구 당산로 123,서울특별시 영등포구 당산동3가 385-1,37.52596316,126.8963671
거제학동몽돌해변 불꽃축제,-,학동흑진주몽돌해변,2022-10-19,2022-10-19,우수한 관광자원이 몽돌을 소재로 전국적으로 특색 있고 차별화된 축제를 통하여 우리 시의 인지도 향상 및 볼거리 등으로 체험형 문화관광 축제(2020년도 취소),055-639-6511,,경상남도 거제시 동부면 학동6길 18-1,경상남도 거제시 동부면 학동리 295-1,34.77330415,128.6402426
제27회 낙안읍성 민속문화축제,-,낙안읍성 일원,2022-10-21,2022-10-23,전통문화 경연+ 재현+ 체험행사+ 부대행사,061-749-8838,,전라남도 순천시 낙안면 충민길 1,,,
회남재 숲길걷기,-,청암면 삼성궁 주차장 옆,2022-10-21,2022-10-23,매년 10월말에 개최되는 우리나라 걷기 여행 축제의 대표 주자로 지리산의 가을풍경과 생태 숲길의 산림욕으로 위로와 힐링의 시간을 만끽할 수 있다,055-880-2051,https://www.hadong.go.kr/02641/02652/02820.web,경상남도 하동군 청암면 삼성궁길 86-15,,,
포항거리예술축제,-,송도 솔밭 도시 숲 및 송도동 일대,2022-10-21,2022-10-23,거리예술 공연+ 공공미술전시+ 숲속 도서관+ 거리예술 교육프로그램 운영,054-289-7873,http://www.phcf.or.kr,경상북도 포항시 남구 송도해안길 112번길 3,경상북도 포항시 남구 송도동 254-477,36.04036853,129.3766797
여주오곡나루축제,-,여주 신륵사관광지 일원,2022-10-21,2022-10-23,여주 농특산물 판매 및 홍보+ 공연 등,031-881-9692,www.yjcf.or.kr,경기도 여주시 신륵사길 7,경기도 여주시 천송동 303-3,,
2022 수원음식문화축제,-,미정,2022-10-21,2022-10-23,양념갈비 등 음식 할인판매 수원전국요리경연대회 등 음식문화 관련 프로그램 운영,031-228-2233,,미정,미정,,
원주시 평생학습 대축제,-,치악예술관 일원,2022-10-21,2022-10-22,기획전시+ 버스킹공연 등,033-737-3805,,강원도 원주시 서원대로 331,강원도 원주시 명륜동 589,37.33543707,127.9446056
김해분청도자기축제,-,김해분청도자박물관+김해도자판매전시관,2022-10-21,2022-10-30,의식+특별전시+판매+부대행사,055-330-3244,http://www.gimhae.go.kr/00224/00223/03324.web?amode=view&idx=395,경상남도 김해시 진례면 진례로 275-35,경상남도 김해시 진례면 송정리 360,35.25149561,128.745857
부산고등어축제,-,송도해수욕장 및 부산공동어시장 일원,2022-10-21,2022-10-23,개막행사+ 맨손 고등어잡기+ 부산공동어시장 현장체험+ 카약 타고 고등어 찾기+ 고등어 종이배 경주대회+ 전국 고등어요리 경연+ 먹거리 한마당 등,051-240-4062,http://culture.bsseogu.go.kr,부산광역시 서구 송도해변로 100,부산광역시 서구 암남동 135-5,35.07682117,129.0180502
곡성심청어린이대축제,-,섬진강기차마을,2022-10-22,2022-10-30,어린이 중심 콘텐츠로 프로그램 구성+ 각종 공연+ 이벤트 개최,061-360-8471,www.gokseong.go.kr,전라남도 곡성군 오곡면 기차마을로 233,전라남도 곡성군 오곡면 오지리 770-5,,
삼척평생학습박람회,-,온라인+ 오프라인 병행,2022-10-22,2022-10-23,평생학습프로그램 체험+ 저명인사 초청강연+ 학습동아리 공연 발표 등,033-570-4432,http://lifelong.samcheok.go.kr/main/,강원도 삼척시 청석로3길 16-41,강원도 삼척시 교동 736,37.44912555,129.1780308
지리산 뱀사골 단풍제,-,산내면 부운리 지리산국립공원,2022-10-22,2022-10-22,개막식+ 천년송소원빌기+ 뱀사골와운단풍길트레킹+ 각종 체험 및 농특산품 판매장 운영 등,063-620-4705,http://www.namwon.go.kr/tour/index.do,전라북도 남원시 산내면 와운길 10,전라북도 남원시 산내면 부운리 252,35.37179767,127.5791353
김해평생학습과학축제,-,수릉원+대성동 고분군+가야의거리 일원,2022-10-22,2022-10-23,전시+축제+체험 설치+부대행사,055-330-4883,http://www.gimhae.go.kr/edu.web,경상남도 김해시 가야의길 126,경상남도 김해시 대성동 434,35.23606039,128.8730826
서면메티컬스트리트 축제,-,서면 메티컬 스트리트 일원,2022-10-22,2022-10-23,VIP리셉션+  개막식+  홍보부스 운영+ 비즈니스 미팅,051-605-6022,https://www.busanjin.go.kr/index.busanjin?menuCd=DOM_000001003003002000,부산광역시 부산진구 시민공원로30 (범전동),부산광역시 부산진구 부암동 666-16,35.16283064,129.053188
강릉국제영화제,-,강릉대도호부관아+ CGV강릉+ 독립예술국장 신영 등 강릉시 일원,2022-10-22,2022-10-31,다채로운 상영작과 프로그램+ 시민 참여형 이벤트 등(영화와 문학+ 마스터즈 & 뉴커머즈+ 프리미어 기프+ 클래식 기프+ 패밀리 기프),033-641-8079,http://www.giff.kr/ko/,강원도 강릉시 임영로131번길 6 (용강동),강원도 강릉시 용강동 58-1,37.75294455,128.8919029
청룡문화제,-,용두근린공원,2022-10-23,2022-10-24,제례봉행 및 어가행렬,02-2241-9300,,서울특별시 동대문구 청계천로 563,서울특별시 동대문구 용두동 34-12,37.57325834,127.0385968
창평전통음식문화축제,-,창평슬로시티 일원,2022-10-26,2022-10-28,슬로푸드전시+체험+판매 등,061-380-3152,,전라남도 담양군 창평면 돌담길 56-24,전라남도 담양군 창평면 창평리 113-1,35.23525084,127.017861
용전들노래 가을걷이 한마당,-,용전동 용전마을 일원,2022-10-26,2022-10-26,용전들노래재현+ 체험마당+ 공연 등(2020년 일정 미정),062-410-8369,https://bukgu.gwangju.kr/board.es?mid=a10201110000&bid=0315,광주광역시 북구 용전마을길 42(용전동),광주광역시 북구 용전동 171-3,35.23893658,126.8973084
개천예술제,-,진주시 일원,2022-10-27,2022-11-03,성화 채화+ 진다례 말차시연+ 호국타종+ 성화 봉송 및 안치+ 제향+ 진군명령 퍼포먼스+ 개천합창제+ 진주오광대 정기공연+ 진주·삼천포 농악+ 종야축제(뮤지컬 진주대첩)+ 서제+ 개제식+ 가장행렬경진대회+ 예술경연대회+ 진주대첩승전재현행사+ 종야축제+ 예술문화축하행사+ 체험행사+ 각종 전시 등,055-752-0111,http://www.gaecheonart.com,경상남도 진주시 강남로 215(칠암동) 문화예술회관 6층,경상남도 진주시 칠암동 500-15,35.18727536,128.0917424
전국생활문화축제 in강릉,-,강릉명주예술마당,2022-10-27,2022-10-30,전국 생활문화 활동 발표+ 기획 프로그램 등,033-647-6808,,강원도 강릉시 경강로2021번길9-1,강원도 강릉시 명주동 49-1,37.75040333,128.8898121
순천 문화재 야행,-,문화의 거리 일원,2022-10-28,2022-10-30,야간에 보는 문화재 해설투어+ 체험+ 전시+ 공연 등,061-749-6814,,전라남도 순천시 장명로 30,,,
의령 리치리치 페스티벌,-,서동생활공원 등 관내 일원,2022-10-28,2022-10-30,개막식+메인프로그램+상설프로그램등,055-570-2542,,경상남도 의령군 의령읍 의병로8길 44,,,
전국 발효식품 홍보대전,-,순천만생태문화교육원,2022-10-28,2022-10-29,개막식+ 발효식품 경연대회+ 전시홍보관 운영+ 부대행사 등,061-749-8772,,전라남도 순천시 생태배움길 22 순천만생태문화교육원,,,
천만송이 국화축제,-,중앙체육공원,2022-10-28,2022-11-06,국화축제,063-859-4977,https://www.iksan.go.kr/gukhwa/index.iksan,전라북도 익산시 하나로 322,,35.94972951,126.9861274
전포커피축제,-,전포카페거리 일원,2022-10-28,2022-10-29,전포 코오피 스쿨+ 아바타투어 등 부산진구 SNS를 활용한 다양한 체험+이벤트 프로그램 운영,051-605-4524,https://www.busanjin.go.kr/index.busanjin?menuCd=DOM_000001003003006000,부산광역시 부산진구 동천로 92(전포동),부산광역시 부산진구 전포동 668-1,35.1570356,129.0630291
강진만 춤추는 갈대축제,-,강진만 생태공원 일원,2022-10-28,2022-11-06,가을의 정취와 추억을 체험하는 남도답사 1번지 이미지 창출과 갈대·음악·자연을 대표하는 명품 축제,061-430-3354,http://www.gangjin.go.kr/culture/,전라남도 강진군 강진읍 남당로 97-23,전라남도 강진군 강진읍 목리 128-1,34.6259705,126.7724317
예산황토사과축제,-,예산역전시장,2022-10-28,2022-10-30,예산황토사과의 우수성 홍보,041-339-7317,http://yesan-apple.co.kr/,충청남도예산군예산읍역전로61-4,,,
거제 섬꽃축제,-,거제시 농업개발원,2022-10-29,2022-11-07,꽃+ 문화+ 사람이 어우러지는 가을꽃 축제이다. 주행사로는 국화분재 전시+ 힐링허브랜드+ 가을꽃 조형물 전시+ 테마꽃동산+ 국화소품+ 실증시험온실+ 화목류시험포+ 난지과수원 등이 있다.,055-639-6443,,경상남도 거제시 거제면 거제남서로 3577,경상남도 거제시 거제면 서정리 978-14,34.856465,128.579128
북평용줄다리기 축제,-,북평힐링공원,2022-10-29,2022-10-29,줄고사+용줄다리기+달집태우기 등,061-530-5159,www.haenam.go.kr,,전라남도 해남군 북평면 남창리 1276-3,,
2022 대구할로윈축제,-,앞산카페거리+안지랑곱창골목,2022-10-29,2022-10-30,미군부대가 있는 남구의 다문화적 특성과 관광자원을 연계한 이색 축제,053-664-3262,,대구광역시 남구 안지랑로20길 79-2,대구광역시 남구 대명9동 900-15,35.83821749,128.5756934
역세권 싱싱포차 축제,-,장소미정,2022-11-01,2022-11-30,역세권 도시재생 뉴딜사업 싱싱축제 추진,061-749-3040,,전라남도 순천시 장명로 30,,,
성탄트리점등 시민문화축제,-,미정,2022-11-01,2022-12-31,성탄트리점등식 및 사랑나눔행사,,,미정,,,
치악산배축제,-,원주원예농협 하나로마트광장,2022-11-01,2022-11-30,지역 배 판매 등,033-737-4131,,강원도 원주시 무실로 182,강원도 원주시 단계동 803-2,37.34144323,127.9392853
대한민국 국향대전,-,함평엑스포공원,2022-11-01,2022-11-20,국화를 소재로 한 전시+ 문화+ 체험행사 및 우수특산품 전시+ 판매 등,061-320-2238,https://www.hpftf.or.kr/contentsView.do?pageId=www42,전라남도 함평군 함평읍 곤재로 27,전라남도 함평군 함평읍 수호리 1153-1,35.05813923,126.5226056
벌교꼬막축제_예정,-,벌교읍천변 일원,2022-11-01,2022-11-30,지역 농특산물 판매 및 체험 전시행사,,,,전라남도 보성군 벌교읍 회정리 663-1,,
청송사과축제,-,청송읍 용전천 변(현비암 일원),2022-11-02,2022-11-06,공연+경연+체험+전시+판매,054-870-6237,,,경상북도 청송군 청송읍 월막리 368-2,36.43271991,129.0554862
서산국화축제,-,고북면 가구리,2022-11-04,2022-11-13,국화축제 및 체험,041-660-3935,https://www.seosan.go.kr/tour/index.do,충청남도 서산시 고북면 복남골길 31-1,충청남도 서산시 고북면 가구리 52,,
해남미남축제,-,해남군 일원,2022-11-04,2022-11-06,공식행사(개·폐회식)+공연행사+전시·체험+음식·특산물 판매 등,061-530-5158,www.haenam.go.kr,전라남도 해남군 삼산면 대흥사길 400,,,
백양단풍축제,-,국립공원 백암산+백양사 일원,2022-11-05,2022-11-07,공연+체험+판매행사 등,061-390-7242,https://www.jangseong.go.kr/home/tour_new/festival/festival_04/festival_04_05,전라남도 장성군 북하면 백양로 1239,전라남도 장성군 북하면 약수리 26,35.43972586,126.8828597
여수동동북축제,-,용기공원 및 선소일원,2022-11-05,2022-11-06,북퍼레이드+아티스트공연+북전시및체험행사+경연대회,061-659-4742,http://tour.yeosu.go.kr/dongdong,전라남도 여수시 시청서 6길,전라남도 여수시 학동 201,34.75590207,127.6572796
류방택 별축제,-,인지면 류방택천문기상과학관,2022-11-05,2022-11-05,천문과학 관련 체험,041-661-8009,https://www.seosan.go.kr/tour/index.do,충청남도 서산시 인지면 무학로 1353-4,,,
의정부 청소년 영화제,-,의정부시청소년수련관,2022-11-05,2022-11-05,청소년 영화 상영 및 시상식,031-828-9557,https://uyff.modoo.at,경기도 의정부시 의정로 27,경기도 의정부시 의정부동 352,37.73517724,127.0338894
부산불꽃축제,-,광안리해변,2022-11-05,2022-11-05,해외초청 불꽃쇼+ 첨단멀티 불꽃쇼,051-888-5222,http://www.bfo.or.kr/main/index.asp,부산광역시 수영구 광안해변로 219,부산광역시 수영구 광안동 192-16,35.15377357,129.1185161
가로수사랑음악회,-,메타세쿼이아길 일원,2022-11-05,2022-11-06,지역출신가수공연+특집라디오공개방송 등,061-380-3152,,전라남도 담양군 담양읍 지침3길 7-5,전라남도 담양군 담양읍 지침리 132-28,35.31617363,126.9840063
의좋은형제축제,-,의좋은 형제공원 일원,2022-11-05,2022-11-06,예산의 실존인물인 이성만·이순형제와 함께 떠나는 가족여행,041-339-7317,https://gbfesta.kr/,충청남도 예산군 대흥면 의좋은형제길 3,충청남도 예산군 대흥면 상중리 274-1,36.60652823,126.7921951
강릉문화재야행,-,강릉대도호부관아(사적388호),2022-11-11,2022-11-13,역사문화시설 개방 및 전시.체험.공연 프로그램 운영(8가지 밤의 테마와 32개 프로그램),033-823-3212,http://gncn.or.kr,강원도 강릉시 임영로131번길 6 (용강동),강원도 강릉시 용강동 58-1,37.75294455,128.8919029
제9회 향동 마을축제 「은행나무 아래로」,-,문화의 거리 일원,2022-11-12,2022-11-12,마을 축제 개최,061-749-8317,,전라남도 순천시 장명로 30,,,
2022년 순천민주주의 정책 페스티벌,-,부읍성남문터광장(예정),2022-11-12,2022-11-12,시민공론장+ 민주주의정책 홍보관+ 배움터+ 체험 등,061-749-5554,,전라남도 순천시 중앙로 93,,,
청소년이 빛나는 밤,-,새말청소년문화의집 문화관,2022-11-12,2022-11-12,청소년 버스킹+ 소통이벤트+ 친환경음료부스,031-828-9585,http://www.uiyouth.or.kr,경기도 의정부시 새말로 40,경기도 의정부시 금오동 469-1,37.75117012,127.0640951
왕버들기원제,-,충효동 일원,2022-11-16,2022-11-16,왕버들기원제,062-410-8369,https://bukgu.gwangju.kr/board.es?mid=a10201110000&bid=0315,,광주광역시 북구 충효동 911,35.18482092,127.000917
제23회 순천만 갈대축제,-,순천만습지 일원,2022-11-18,2022-11-20,주민참여 퍼포먼스+ 음악회+ 체험부스,061-749-6081,,전라남도 순천시 순천만길 513-25,,,
달마고도 힐링축제,-,달마고도 및 해남군 일원,2022-11-19,2022-11-19,달마고도순례길걷기+무대행사+체험등,061-530-5159,www.haenam.go.kr,전라남도 해남군 송지면 미황사길 164,전라남도 해남군 송지면 서정리 1,34.38223237,126.5779589
제25회 파주장단콩축제,-,임진각 광장,2022-11-25,2022-11-28,파주장단콩 전시 및 판매+ 농특산물 홍보 및 판매+ 각종 공연 및 체험행사 등,031-940-5282,http://tour.paju.go.kr,경기도 파주시 임진각로177,경기도 파주시 문산읍 마정리 1325-1,37.88953876,126.7401859
마토예술제<매직파티>,-,안정리예술인광장 일대,2022-11-26,2022-11-26,마술테마 체험+공연,031-692-9110,https://www.pccf.or.kr/,경기도 평택시 팽성읍 안정쇼핑로11,경기도 평택시 팽성읍 안정리113-1,36.95955991,127.0439994
2022 순천만국가정원 별빛산책,-,순천만국가정원 서원,2022-12-01,2022-12-31,야간경관 조성+ 크리스마스·연말 기념 공연 등,061-749-2728,,전라남도 순천시 국가정원1호길 47,,,
드림러브페스티벌,-,미정,2022-12-01,2022-12-01,드림 아동 작품 발표회 및 초청공연,061-749-6615,,전라남도 순천시 장명로 30,,,
청소년 푸른별 콘서트,-,의정부시청소년수련관,2022-12-01,2022-12-01,청소년 동아리 공연 및 인기가수 축하공연,031-828-9542,http://www.uiyouth.or.kr,경기도 의정부시 의정로 27,경기도 의정부시 의정부동 352,37.73517724,127.0338894
부산시민 희망의 빛드림 페스티벌,-,부산시민공원 일대,2022-12-01,2023-01-31,경관 조명 설치 및 점등식 개최,051-605-4522,https://www.busanjin.go.kr/index.busanjin?menuCd=DOM_000001003003007000,부산광역시 부산진구 시민공원로30 (범전동),부산광역시 부산진구 부암동 666-16,35.16283064,129.053188
보성차밭빛축제_예정,-,한국차문화공원 일원,2022-12-01,2022-12-31,차밭 경관조성 및 공연,,,전라남도 보성군 보성읍 녹차로 775,,,
부산크리스마스트리문화축제,-,광복로 및 중구 관내 일원,2022-12-03,2023-01-07,일루미네이션 크리스마스트리장식+성탄음악행사+시민참여행사+점등식 등,051-464-0112,https://bctf.co.kr,부산광역시 중구 광복중앙로 2,부산광역시 중구 광복동2가 6-5,35.0995432,129.0314651
산타축제,-,임실치즈테마파크,2022-12-23,2022-12-25,산타플래시몹 퍼레이드+산타를 찾아라+산타경연대회,063-643-2300,www.cheesepark.kr,전라북도 임실군 성수면 도인2길 50,전라북도 임실군 성수면 도인리 689,35.63310329,127.3012599
담양산타축제,-,담양 원도심 및 메타프로방스 일원,2022-12-23,2022-12-31,크리스마스거리조성+크리스마스마켓 운영 등,061-380-3152,,전라남도 담양군 담양읍 메타프로방스 1길 17,전라남도 담양군 담양읍 학동리 586-1,35.32260525,127.0018114
겨울왕국 제천페스티벌,-,시내 및 의림지 일원,2022-12-24,2023-01-23,겨울벚꽃 및 얼음 축제,043-641-4870,http://www.jccf.or.kr,충청북도 제천시 의림대로 242,충청북도 제천시 청전동 110,37.1493417,128.2160865
포천 백운계곡 동장군 축제,-,백운계곡 일대,2022-12-24,2023-02-05,ICE BIG TREE 포토존+얼음조각작품 전시+튜브 눈썰매+송어얼음 낚시,,,경기도 포천시 이동면 화동로 2381,,38.0547745,127.383869
여수향일암일출기원한마당,-,돌산읍 임포마을 일원,2022-12-31,2023-01-01,재야의종타종식+일출기원제례+소망행사,061-659-4742,,전라남도 여수시 향일암로 60,전라남도 여수시 돌산읍 율림리 산7,34.59379448,127.8029861
정서진 해넘이 축제,-,인천 서구 정서진,2022-12-31,2022-12-31,일몰이벤트+ 축하공연,032-560-5933,http://www.seo.incheon.kr/,인천광역시 서구 정서진1로 41,인천광역시 서구 오류동 1563,37.55843603,126.6074644
부산시민의종 타종식,-,용두산공원,2022-12-31,2023-01-01,시민의종 타종+ 문화공연,051-888-5224,http://www.bfo.or.kr/main/index.asp,부산광역시 중구 용두산길 37-55(광복동2가),부산광역시 중구 동광동2가 17-6,35.10093242,129.0324385
땅끝 해넘이·해맞이 축제,-,땅끝마을일원,2022-12-31,2023-01-01,해넘이제례+달집태우기+해맞이 등,061-531-3161,www.haenam.go.kr,전라남도 해남군 송지면 땅끝마을길 70-14,전라남도 해남군 송지면 송호리 1127-4,34.29820555,126.5293719
2023 해운대 카운트다운&해맞이축제,-,해운대 해수욕장,2022-12-31,2023-01-01,카운트다운 행사+ 해맞이 행사+ 부대 프로그램 등,051-749-4062,,부산광역시 해운대구 해운대해변로 264,부산광역시 해운대구 중동 1415-49,35.15910698,129.1602838
율포해변불꽃축제,-,율포해수욕장 일원,2022-12-31,2023-01-01,불꽃축제 및 공연,,,전라남도 보성군 회천면 우암길 24,,,
천을산 해맞이,-,천을산 정상,2023-01-01,2023-01-01,새해메세지+희망콘서트+해오름 함성 등,053-666-2163,https://www.suseong.kr,,대구광역시 수성구 가천동 산11-3,35.85169239,128.6950183
주안미디어문화축제,-,옛시민회관 쉼터 등 미추홀구 전역,2023-01-01,2023-12-31,미추홀의 특색있는 문화자원과 미디어 분야의 융합 콘텐츠를 만날 수 있는 축제 프로그램,032-880-7978,https://www.michuhol.go.kr/culture/main.do,,인천광역시 미추홀구 주안동 190-4,37.4588336,126.6796135
태백산 눈축제,-,태백산국립공원+ 황지연못 일원 등,2023-01-13,2023-01-23,경관조성+ 체험행사+ 공연+ 경연대회+ 부스 운영 등,033-550-2304,http://tbcf.or.kr/,강원도 태백시 장성1길 171,강원도 태백시장성동 169-1,37.10051315,129.0082172
화개장터 벚꽃축제,-,하동군 화개면 일대,2023-03-24,2021-03-26,꽃샘추위가 끝나고 4월로 접어들면 전라도와 경상도를 경계로 하는 화개에는 그 좋은 벚꽃이 십리에 날려 화사하게 봄을 재촉한다 눈처럼 하얀 벚꽃은 섬진청류와 화개동천 25km를 아름답게 수놓아 화사한 볼거리 제공하며 다채로운 문화행사도 펼쳐진다,055-880-2051,https://www.hadong.go.kr/02641/02652/02807.web,경상남도 하동군 화개면 쌍계로 58,,,
강서 낙동강30리 벚꽃축제(2023년 상반기 예정),-,대저생태공원,2023-03-31,2023-04-02,벚꽃길 걷기대회+체험행사+문화행사,051-970-4062,http://www.bsgangseo.go.kr,,부산광역시 강서구 대저1동 1-17,35.20933921,128.9865079
담양대나무축제,-,죽녹원 및 관방제림 일원,2023-05-01,2023-05-05,대나무 관련 전시+체험+공연+판매 등,061-380-3152,www.bamboofestival.co.kr,전라남도 담양군 담양읍 메타프로방스 1길 17,전라남도 담양군 담양읍 학동리 586-1,35.32260525,127.0018114
고서포도축제,-,고서면 증암천변 일원,2023-08-19,2023-08-21,특산품 홍보+판매,061-380-3152,,전라남도 담양군 고서면 가사문학로 325,전라남도 담양군 고서면 동운리 583-4,35.22370105,126.9729391
추월산벚꽃축제,-,용면 추월산광장 일원,2024-04-09,2024-04-10,벚꽃노래자랑+특산품판매 등,061-380-3152,,전라남도 담양군 용면 추월산로 369,전라남도 담양군 용면 추성리 478-1,35.36483985,126.9872053
